Name,Email,Financial Status,Paid at,Fulfillment Status,Fulfilled at,Currency,Subtotal,Shipping,Taxes,Total,Discount Code,Discount Amount,Shipping Method,Created at,Lineitem quantity,Lineitem name,Lineitem price,Lineitem compare at price,Lineitem sku,Lineitem requires shipping,Lineitem taxable,Lineitem fulfillment status,Billing Name,Billing Street,Billing Address1,Billing Address2,Billing Company,Billing City,Billing Zip,Billing Province,Billing Country,Billing Phone,Shipping Name,Shipping Street,Shipping Address1,Shipping Address2,Shipping Company,Shipping City,Shipping Zip,Shipping Province,Shipping Country,Shipping Phone,Notes,Cancelled at,Payment Method,Payment Reference,Refunded Amount,Vendor,Outstanding Balance,Employee,Location,Device ID,Id,Tags,Risk Level,Source,Lineitem discount,Tax 1 Name,Tax 1 Value,Tax 2 Name,Tax 2 Value,Tax 3 Name,Tax 3 Value,Tax 4 Name,Tax 4 Value,Tax 5 Name,Tax 5 Value,Phone,Receipt Number,Duties,Billing Province Name,Shipping Province Name,Payment ID,Payment Terms Name,Next Payment Due At,Payment References,Customer ID
田中太郎,loyal-customer-2001@example.com,paid,2020-01-01 00:00:00 +0900,fulfilled,2020-01-02 00:00:00 +0900,JPY,8000,500,800,9300,,0,宅配便,2020-01-01 00:00:00 +0900,1,プレミアムギフトボックスセット S,8000,8000,PRD-2001-S,true,true,fulfilled,田中太郎,,,,,東京都,,東京都,日本,090-1111-0001,田中太郎,,,,,東京都,,東京都,日本,090-1111-0001,loyalパターン,,Shopify Payments,pay-2001-2021,0,ギフト工房,0,,,,ORD-2021,"loyal,テスト顧客",Low,web,0,消費税 10%,800,,,,,,,,,,,,東京都,東京都,pay-id-2001-2021,,,pay-2001-2021,CUST-2001
田中太郎,loyal-customer-2001@example.com,paid,2020-01-14 00:00:00 +0900,fulfilled,2020-01-15 00:00:00 +0900,JPY,35000,800,3500,39300,,0,宅配便,2020-01-14 00:00:00 +0900,1,ラグジュアリーアイテム プラチナ,35000,35000,PRD-2004-PL,true,true,fulfilled,田中太郎,,,,,東京都,,東京都,日本,090-1111-0001,田中太郎,,,,,東京都,,東京都,日本,090-1111-0001,loyalパターン,,Shopify Payments,pay-2001-2022,0,高級工房,0,,,,ORD-2022,"loyal,テスト顧客",Low,web,0,消費税 10%,3500,,,,,,,,,,,,東京都,東京都,pay-id-2001-2022,,,pay-2001-2022,CUST-2001
田中太郎,loyal-customer-2001@example.com,paid,2020-02-01 00:00:00 +0900,fulfilled,2020-02-02 00:00:00 +0900,JPY,45000,800,4500,50300,,0,宅配便,2020-02-01 00:00:00 +0900,3,プレミアムギフトボックスセット L,15000,15000,PRD-2001-L,true,true,fulfilled,田中太郎,,,,,東京都,,東京都,日本,090-1111-0001,田中太郎,,,,,東京都,,東京都,日本,090-1111-0001,loyalパターン,,Shopify Payments,pay-2001-2023,0,ギフト工房,0,,,,ORD-2023,"loyal,テスト顧客",Low,web,0,消費税 10%,4500,,,,,,,,,,,,東京都,東京都,pay-id-2001-2023,,,pay-2001-2023,CUST-2001
田中太郎,loyal-customer-2001@example.com,paid,2020-02-21 00:00:00 +0900,fulfilled,2020-02-22 00:00:00 +0900,JPY,24000,800,2400,27200,,0,宅配便,2020-02-21 00:00:00 +0900,3,プレミアムギフトボックスセット S,8000,8000,PRD-2001-S,true,true,fulfilled,田中太郎,,,,,東京都,,東京都,日本,090-1111-0001,田中太郎,,,,,東京都,,東京都,日本,090-1111-0001,loyalパターン,,Shopify Payments,pay-2001-2024,0,ギフト工房,0,,,,ORD-2024,"loyal,テスト顧客",Low,web,0,消費税 10%,2400,,,,,,,,,,,,東京都,東京都,pay-id-2001-2024,,,pay-2001-2024,CUST-2001
田中太郎,loyal-customer-2001@example.com,paid,2020-03-12 00:00:00 +0900,fulfilled,2020-03-13 00:00:00 +0900,JPY,75000,800,7500,83300,,0,宅配便,2020-03-12 00:00:00 +0900,3,ラグジュアリーアイテム ゴールド,25000,25000,PRD-2004-GO,true,true,fulfilled,田中太郎,,,,,東京都,,東京都,日本,090-1111-0001,田中太郎,,,,,東京都,,東京都,日本,090-1111-0001,loyalパターン,,Shopify Payments,pay-2001-2025,0,高級工房,0,,,,ORD-2025,"loyal,テスト顧客",Low,web,0,消費税 10%,7500,,,,,,,,,,,,東京都,東京都,pay-id-2001-2025,,,pay-2001-2025,CUST-2001
田中太郎,loyal-customer-2001@example.com,paid,2020-03-25 00:00:00 +0900,fulfilled,2020-03-26 00:00:00 +0900,JPY,45000,800,4500,50300,,0,宅配便,2020-03-25 00:00:00 +0900,3,プレミアムギフトボックスセット L,15000,15000,PRD-2001-L,true,true,fulfilled,田中太郎,,,,,東京都,,東京都,日本,090-1111-0001,田中太郎,,,,,東京都,,東京都,日本,090-1111-0001,loyalパターン,,Shopify Payments,pay-2001-2026,0,ギフト工房,0,,,,ORD-2026,"loyal,テスト顧客",Low,web,0,消費税 10%,4500,,,,,,,,,,,,東京都,東京都,pay-id-2001-2026,,,pay-2001-2026,CUST-2001
田中太郎,loyal-customer-2001@example.com,paid,2020-04-07 00:00:00 +0900,fulfilled,2020-04-08 00:00:00 +0900,JPY,15000,800,1500,17300,,0,宅配便,2020-04-07 00:00:00 +0900,1,プレミアムギフトボックスセット L,15000,15000,PRD-2001-L,true,true,fulfilled,田中太郎,,,,,東京都,,東京都,日本,090-1111-0001,田中太郎,,,,,東京都,,東京都,日本,090-1111-0001,loyalパターン,,Shopify Payments,pay-2001-2027,0,ギフト工房,0,,,,ORD-2027,"loyal,テスト顧客",Low,web,0,消費税 10%,1500,,,,,,,,,,,,東京都,東京都,pay-id-2001-2027,,,pay-2001-2027,CUST-2001
田中太郎,loyal-customer-2001@example.com,paid,2020-04-27 00:00:00 +0900,fulfilled,2020-04-28 00:00:00 +0900,JPY,105000,800,10500,116300,,0,宅配便,2020-04-27 00:00:00 +0900,3,ラグジュアリーアイテム プラチナ,35000,35000,PRD-2004-PL,true,true,fulfilled,田中太郎,,,,,東京都,,東京都,日本,090-1111-0001,田中太郎,,,,,東京都,,東京都,日本,090-1111-0001,loyalパターン,,Shopify Payments,pay-2001-2028,0,高級工房,0,,,,ORD-2028,"loyal,テスト顧客",Low,web,0,消費税 10%,10500,,,,,,,,,,,,東京都,東京都,pay-id-2001-2028,,,pay-2001-2028,CUST-2001
田中太郎,loyal-customer-2001@example.com,paid,2020-05-09 00:00:00 +0900,fulfilled,2020-05-10 00:00:00 +0900,JPY,24000,800,2400,27200,,0,宅配便,2020-05-09 00:00:00 +0900,3,プレミアムギフトボックスセット S,8000,8000,PRD-2001-S,true,true,fulfilled,田中太郎,,,,,東京都,,東京都,日本,090-1111-0001,田中太郎,,,,,東京都,,東京都,日本,090-1111-0001,loyalパターン,,Shopify Payments,pay-2001-2029,0,ギフト工房,0,,,,ORD-2029,"loyal,テスト顧客",Low,web,0,消費税 10%,2400,,,,,,,,,,,,東京都,東京都,pay-id-2001-2029,,,pay-2001-2029,CUST-2001
田中太郎,loyal-customer-2001@example.com,paid,2020-05-23 00:00:00 +0900,fulfilled,2020-05-24 00:00:00 +0900,JPY,16000,800,1600,18400,,0,宅配便,2020-05-23 00:00:00 +0900,2,プレミアムギフトボックスセット S,8000,8000,PRD-2001-S,true,true,fulfilled,田中太郎,,,,,東京都,,東京都,日本,090-1111-0001,田中太郎,,,,,東京都,,東京都,日本,090-1111-0001,loyalパターン,,Shopify Payments,pay-2001-2030,0,ギフト工房,0,,,,ORD-2030,"loyal,テスト顧客",Low,web,0,消費税 10%,1600,,,,,,,,,,,,東京都,東京都,pay-id-2001-2030,,,pay-2001-2030,CUST-2001
田中太郎,loyal-customer-2001@example.com,paid,2020-06-10 00:00:00 +0900,fulfilled,2020-06-11 00:00:00 +0900,JPY,12000,800,1200,14000,,0,宅配便,2020-06-10 00:00:00 +0900,1,プレミアムギフトボックスセット M,12000,12000,PRD-2001-M,true,true,fulfilled,田中太郎,,,,,東京都,,東京都,日本,090-1111-0001,田中太郎,,,,,東京都,,東京都,日本,090-1111-0001,loyalパターン,,Shopify Payments,pay-2001-2031,0,ギフト工房,0,,,,ORD-2031,"loyal,テスト顧客",Low,web,0,消費税 10%,1200,,,,,,,,,,,,東京都,東京都,pay-id-2001-2031,,,pay-2001-2031,CUST-2001
田中太郎,loyal-customer-2001@example.com,paid,2020-06-27 00:00:00 +0900,fulfilled,2020-06-28 00:00:00 +0900,JPY,35000,800,3500,39300,,0,宅配便,2020-06-27 00:00:00 +0900,1,ラグジュアリーアイテム プラチナ,35000,35000,PRD-2004-PL,true,true,fulfilled,田中太郎,,,,,東京都,,東京都,日本,090-1111-0001,田中太郎,,,,,東京都,,東京都,日本,090-1111-0001,loyalパターン,,Shopify Payments,pay-2001-2032,0,高級工房,0,,,,ORD-2032,"loyal,テスト顧客",Low,web,0,消費税 10%,3500,,,,,,,,,,,,東京都,東京都,pay-id-2001-2032,,,pay-2001-2032,CUST-2001
田中太郎,loyal-customer-2001@example.com,paid,2020-07-12 00:00:00 +0900,fulfilled,2020-07-13 00:00:00 +0900,JPY,8000,500,800,9300,,0,宅配便,2020-07-12 00:00:00 +0900,1,プレミアムギフトボックスセット S,8000,8000,PRD-2001-S,true,true,fulfilled,田中太郎,,,,,東京都,,東京都,日本,090-1111-0001,田中太郎,,,,,東京都,,東京都,日本,090-1111-0001,loyalパターン,,Shopify Payments,pay-2001-2033,0,ギフト工房,0,,,,ORD-2033,"loyal,テスト顧客",Low,web,0,消費税 10%,800,,,,,,,,,,,,東京都,東京都,pay-id-2001-2033,,,pay-2001-2033,CUST-2001
田中太郎,loyal-customer-2001@example.com,paid,2020-07-27 00:00:00 +0900,fulfilled,2020-07-28 00:00:00 +0900,JPY,36000,800,3600,40400,,0,宅配便,2020-07-27 00:00:00 +0900,3,プレミアムギフトボックスセット M,12000,12000,PRD-2001-M,true,true,fulfilled,田中太郎,,,,,東京都,,東京都,日本,090-1111-0001,田中太郎,,,,,東京都,,東京都,日本,090-1111-0001,loyalパターン,,Shopify Payments,pay-2001-2034,0,ギフト工房,0,,,,ORD-2034,"loyal,テスト顧客",Low,web,0,消費税 10%,3600,,,,,,,,,,,,東京都,東京都,pay-id-2001-2034,,,pay-2001-2034,CUST-2001
田中太郎,loyal-customer-2001@example.com,paid,2020-08-16 00:00:00 +0900,fulfilled,2020-08-17 00:00:00 +0900,JPY,12000,800,1200,14000,,0,宅配便,2020-08-16 00:00:00 +0900,1,プレミアムギフトボックスセット M,12000,12000,PRD-2001-M,true,true,fulfilled,田中太郎,,,,,東京都,,東京都,日本,090-1111-0001,田中太郎,,,,,東京都,,東京都,日本,090-1111-0001,loyalパターン,,Shopify Payments,pay-2001-2035,0,ギフト工房,0,,,,ORD-2035,"loyal,テスト顧客",Low,web,0,消費税 10%,1200,,,,,,,,,,,,東京都,東京都,pay-id-2001-2035,,,pay-2001-2035,CUST-2001
田中太郎,loyal-customer-2001@example.com,paid,2020-08-28 00:00:00 +0900,fulfilled,2020-08-29 00:00:00 +0900,JPY,16000,800,1600,18400,,0,宅配便,2020-08-28 00:00:00 +0900,2,プレミアムギフトボックスセット S,8000,8000,PRD-2001-S,true,true,fulfilled,田中太郎,,,,,東京都,,東京都,日本,090-1111-0001,田中太郎,,,,,東京都,,東京都,日本,090-1111-0001,loyalパターン,,Shopify Payments,pay-2001-2036,0,ギフト工房,0,,,,ORD-2036,"loyal,テスト顧客",Low,web,0,消費税 10%,1600,,,,,,,,,,,,東京都,東京都,pay-id-2001-2036,,,pay-2001-2036,CUST-2001
田中太郎,loyal-customer-2001@example.com,paid,2020-09-10 00:00:00 +0900,fulfilled,2020-09-11 00:00:00 +0900,JPY,45000,800,4500,50300,,0,宅配便,2020-09-10 00:00:00 +0900,3,プレミアムギフトボックスセット L,15000,15000,PRD-2001-L,true,true,fulfilled,田中太郎,,,,,東京都,,東京都,日本,090-1111-0001,田中太郎,,,,,東京都,,東京都,日本,090-1111-0001,loyalパターン,,Shopify Payments,pay-2001-2037,0,ギフト工房,0,,,,ORD-2037,"loyal,テスト顧客",Low,web,0,消費税 10%,4500,,,,,,,,,,,,東京都,東京都,pay-id-2001-2037,,,pay-2001-2037,CUST-2001
田中太郎,loyal-customer-2001@example.com,paid,2020-09-22 00:00:00 +0900,fulfilled,2020-09-23 00:00:00 +0900,JPY,24000,800,2400,27200,,0,宅配便,2020-09-22 00:00:00 +0900,3,プレミアムギフトボックスセット S,8000,8000,PRD-2001-S,true,true,fulfilled,田中太郎,,,,,東京都,,東京都,日本,090-1111-0001,田中太郎,,,,,東京都,,東京都,日本,090-1111-0001,loyalパターン,,Shopify Payments,pay-2001-2038,0,ギフト工房,0,,,,ORD-2038,"loyal,テスト顧客",Low,web,0,消費税 10%,2400,,,,,,,,,,,,東京都,東京都,pay-id-2001-2038,,,pay-2001-2038,CUST-2001
田中太郎,loyal-customer-2001@example.com,paid,2020-10-11 00:00:00 +0900,fulfilled,2020-10-12 00:00:00 +0900,JPY,50000,800,5000,55800,,0,宅配便,2020-10-11 00:00:00 +0900,2,ラグジュアリーアイテム ゴールド,25000,25000,PRD-2004-GO,true,true,fulfilled,田中太郎,,,,,東京都,,東京都,日本,090-1111-0001,田中太郎,,,,,東京都,,東京都,日本,090-1111-0001,loyalパターン,,Shopify Payments,pay-2001-2039,0,高級工房,0,,,,ORD-2039,"loyal,テスト顧客",Low,web,0,消費税 10%,5000,,,,,,,,,,,,東京都,東京都,pay-id-2001-2039,,,pay-2001-2039,CUST-2001
田中太郎,loyal-customer-2001@example.com,paid,2020-10-23 00:00:00 +0900,fulfilled,2020-10-24 00:00:00 +0900,JPY,36000,800,3600,40400,,0,宅配便,2020-10-23 00:00:00 +0900,3,プレミアムギフトボックスセット M,12000,12000,PRD-2001-M,true,true,fulfilled,田中太郎,,,,,東京都,,東京都,日本,090-1111-0001,田中太郎,,,,,東京都,,東京都,日本,090-1111-0001,loyalパターン,,Shopify Payments,pay-2001-2040,0,ギフト工房,0,,,,ORD-2040,"loyal,テスト顧客",Low,web,0,消費税 10%,3600,,,,,,,,,,,,東京都,東京都,pay-id-2001-2040,,,pay-2001-2040,CUST-2001
田中太郎,loyal-customer-2001@example.com,paid,2020-11-05 00:00:00 +0900,fulfilled,2020-11-06 00:00:00 +0900,JPY,25000,800,2500,28300,,0,宅配便,2020-11-05 00:00:00 +0900,1,ラグジュアリーアイテム ゴールド,25000,25000,PRD-2004-GO,true,true,fulfilled,田中太郎,,,,,東京都,,東京都,日本,090-1111-0001,田中太郎,,,,,東京都,,東京都,日本,090-1111-0001,loyalパターン,,Shopify Payments,pay-2001-2041,0,高級工房,0,,,,ORD-2041,"loyal,テスト顧客",Low,web,0,消費税 10%,2500,,,,,,,,,,,,東京都,東京都,pay-id-2001-2041,,,pay-2001-2041,CUST-2001
田中太郎,loyal-customer-2001@example.com,paid,2020-11-21 00:00:00 +0900,fulfilled,2020-11-22 00:00:00 +0900,JPY,25000,800,2500,28300,,0,宅配便,2020-11-21 00:00:00 +0900,1,ラグジュアリーアイテム ゴールド,25000,25000,PRD-2004-GO,true,true,fulfilled,田中太郎,,,,,東京都,,東京都,日本,090-1111-0001,田中太郎,,,,,東京都,,東京都,日本,090-1111-0001,loyalパターン,,Shopify Payments,pay-2001-2042,0,高級工房,0,,,,ORD-2042,"loyal,テスト顧客",Low,web,0,消費税 10%,2500,,,,,,,,,,,,東京都,東京都,pay-id-2001-2042,,,pay-2001-2042,CUST-2001
田中太郎,loyal-customer-2001@example.com,paid,2020-12-08 00:00:00 +0900,fulfilled,2020-12-09 00:00:00 +0900,JPY,75000,800,7500,83300,,0,宅配便,2020-12-08 00:00:00 +0900,3,ラグジュアリーアイテム ゴールド,25000,25000,PRD-2004-GO,true,true,fulfilled,田中太郎,,,,,東京都,,東京都,日本,090-1111-0001,田中太郎,,,,,東京都,,東京都,日本,090-1111-0001,loyalパターン,,Shopify Payments,pay-2001-2043,0,高級工房,0,,,,ORD-2043,"loyal,テスト顧客",Low,web,0,消費税 10%,7500,,,,,,,,,,,,東京都,東京都,pay-id-2001-2043,,,pay-2001-2043,CUST-2001
田中太郎,loyal-customer-2001@example.com,paid,2020-12-22 00:00:00 +0900,fulfilled,2020-12-23 00:00:00 +0900,JPY,8000,500,800,9300,,0,宅配便,2020-12-22 00:00:00 +0900,1,プレミアムギフトボックスセット S,8000,8000,PRD-2001-S,true,true,fulfilled,田中太郎,,,,,東京都,,東京都,日本,090-1111-0001,田中太郎,,,,,東京都,,東京都,日本,090-1111-0001,loyalパターン,,Shopify Payments,pay-2001-2044,0,ギフト工房,0,,,,ORD-2044,"loyal,テスト顧客",Low,web,0,消費税 10%,800,,,,,,,,,,,,東京都,東京都,pay-id-2001-2044,,,pay-2001-2044,CUST-2001
佐藤花子,regular-customer-2002@example.com,paid,2020-01-01 00:00:00 +0900,fulfilled,2020-01-02 00:00:00 +0900,JPY,8000,500,800,9300,,0,宅配便,2020-01-01 00:00:00 +0900,1,ホリデースペシャル バレンタイン,8000,8000,PRD-2007-VD,true,true,fulfilled,佐藤花子,,,,,大阪府,,大阪府,日本,090-1111-0002,佐藤花子,,,,,大阪府,,大阪府,日本,090-1111-0002,regularパターン,,Shopify Payments,pay-2002-2045,0,ホリデー工房,0,,,,ORD-2045,"regular,テスト顧客",Low,web,0,消費税 10%,800,,,,,,,,,,,,大阪府,大阪府,pay-id-2002-2045,,,pay-2002-2045,CUST-2002
佐藤花子,regular-customer-2002@example.com,paid,2020-01-19 00:00:00 +0900,fulfilled,2020-01-20 00:00:00 +0900,JPY,8000,500,800,9300,,0,宅配便,2020-01-19 00:00:00 +0900,1,ホリデースペシャル バレンタイン,8000,8000,PRD-2007-VD,true,true,fulfilled,佐藤花子,,,,,大阪府,,大阪府,日本,090-1111-0002,佐藤花子,,,,,大阪府,,大阪府,日本,090-1111-0002,regularパターン,,Shopify Payments,pay-2002-2046,0,ホリデー工房,0,,,,ORD-2046,"regular,テスト顧客",Low,web,0,消費税 10%,800,,,,,,,,,,,,大阪府,大阪府,pay-id-2002-2046,,,pay-2002-2046,CUST-2002
佐藤花子,regular-customer-2002@example.com,paid,2020-02-13 00:00:00 +0900,fulfilled,2020-02-14 00:00:00 +0900,JPY,5500,500,550,6550,,0,宅配便,2020-02-13 00:00:00 +0900,1,季節限定コレクション 夏,5500,5500,PRD-2002-SU,true,true,fulfilled,佐藤花子,,,,,大阪府,,大阪府,日本,090-1111-0002,佐藤花子,,,,,大阪府,,大阪府,日本,090-1111-0002,regularパターン,,Shopify Payments,pay-2002-2047,0,季節工房,0,,,,ORD-2047,"regular,テスト顧客",Low,web,0,消費税 10%,550,,,,,,,,,,,,大阪府,大阪府,pay-id-2002-2047,,,pay-2002-2047,CUST-2002
佐藤花子,regular-customer-2002@example.com,paid,2020-03-02 00:00:00 +0900,fulfilled,2020-03-03 00:00:00 +0900,JPY,5000,500,500,6000,,0,宅配便,2020-03-02 00:00:00 +0900,1,季節限定コレクション 春,5000,5000,PRD-2002-SP,true,true,fulfilled,佐藤花子,,,,,大阪府,,大阪府,日本,090-1111-0002,佐藤花子,,,,,大阪府,,大阪府,日本,090-1111-0002,regularパターン,,Shopify Payments,pay-2002-2048,0,季節工房,0,,,,ORD-2048,"regular,テスト顧客",Low,web,0,消費税 10%,500,,,,,,,,,,,,大阪府,大阪府,pay-id-2002-2048,,,pay-2002-2048,CUST-2002
佐藤花子,regular-customer-2002@example.com,paid,2020-03-22 00:00:00 +0900,fulfilled,2020-03-23 00:00:00 +0900,JPY,6000,500,600,7100,,0,宅配便,2020-03-22 00:00:00 +0900,1,季節限定コレクション 秋,6000,6000,PRD-2002-AU,true,true,fulfilled,佐藤花子,,,,,大阪府,,大阪府,日本,090-1111-0002,佐藤花子,,,,,大阪府,,大阪府,日本,090-1111-0002,regularパターン,,Shopify Payments,pay-2002-2049,0,季節工房,0,,,,ORD-2049,"regular,テスト顧客",Low,web,0,消費税 10%,600,,,,,,,,,,,,大阪府,大阪府,pay-id-2002-2049,,,pay-2002-2049,CUST-2002
佐藤花子,regular-customer-2002@example.com,paid,2020-04-12 00:00:00 +0900,fulfilled,2020-04-13 00:00:00 +0900,JPY,6500,500,650,7650,,0,宅配便,2020-04-12 00:00:00 +0900,1,季節限定コレクション 冬,6500,6500,PRD-2002-WI,true,true,fulfilled,佐藤花子,,,,,大阪府,,大阪府,日本,090-1111-0002,佐藤花子,,,,,大阪府,,大阪府,日本,090-1111-0002,regularパターン,,Shopify Payments,pay-2002-2050,0,季節工房,0,,,,ORD-2050,"regular,テスト顧客",Low,web,0,消費税 10%,650,,,,,,,,,,,,大阪府,大阪府,pay-id-2002-2050,,,pay-2002-2050,CUST-2002
佐藤花子,regular-customer-2002@example.com,paid,2020-05-07 00:00:00 +0900,fulfilled,2020-05-08 00:00:00 +0900,JPY,9000,500,900,10400,,0,宅配便,2020-05-07 00:00:00 +0900,1,ホリデースペシャル クリスマス,9000,9000,PRD-2007-XM,true,true,fulfilled,佐藤花子,,,,,大阪府,,大阪府,日本,090-1111-0002,佐藤花子,,,,,大阪府,,大阪府,日本,090-1111-0002,regularパターン,,Shopify Payments,pay-2002-2051,0,ホリデー工房,0,,,,ORD-2051,"regular,テスト顧客",Low,web,0,消費税 10%,900,,,,,,,,,,,,大阪府,大阪府,pay-id-2002-2051,,,pay-2002-2051,CUST-2002
佐藤花子,regular-customer-2002@example.com,paid,2020-05-25 00:00:00 +0900,fulfilled,2020-05-26 00:00:00 +0900,JPY,7000,500,700,8200,,0,宅配便,2020-05-25 00:00:00 +0900,1,ホリデースペシャル 母の日,7000,7000,PRD-2007-MD,true,true,fulfilled,佐藤花子,,,,,大阪府,,大阪府,日本,090-1111-0002,佐藤花子,,,,,大阪府,,大阪府,日本,090-1111-0002,regularパターン,,Shopify Payments,pay-2002-2052,0,ホリデー工房,0,,,,ORD-2052,"regular,テスト顧客",Low,web,0,消費税 10%,700,,,,,,,,,,,,大阪府,大阪府,pay-id-2002-2052,,,pay-2002-2052,CUST-2002
佐藤花子,regular-customer-2002@example.com,paid,2020-06-14 00:00:00 +0900,fulfilled,2020-06-15 00:00:00 +0900,JPY,9000,500,900,10400,,0,宅配便,2020-06-14 00:00:00 +0900,1,ホリデースペシャル クリスマス,9000,9000,PRD-2007-XM,true,true,fulfilled,佐藤花子,,,,,大阪府,,大阪府,日本,090-1111-0002,佐藤花子,,,,,大阪府,,大阪府,日本,090-1111-0002,regularパターン,,Shopify Payments,pay-2002-2053,0,ホリデー工房,0,,,,ORD-2053,"regular,テスト顧客",Low,web,0,消費税 10%,900,,,,,,,,,,,,大阪府,大阪府,pay-id-2002-2053,,,pay-2002-2053,CUST-2002
佐藤花子,regular-customer-2002@example.com,paid,2020-07-05 00:00:00 +0900,fulfilled,2020-07-06 00:00:00 +0900,JPY,7000,500,700,8200,,0,宅配便,2020-07-05 00:00:00 +0900,1,ホリデースペシャル 母の日,7000,7000,PRD-2007-MD,true,true,fulfilled,佐藤花子,,,,,大阪府,,大阪府,日本,090-1111-0002,佐藤花子,,,,,大阪府,,大阪府,日本,090-1111-0002,regularパターン,,Shopify Payments,pay-2002-2054,0,ホリデー工房,0,,,,ORD-2054,"regular,テスト顧客",Low,web,0,消費税 10%,700,,,,,,,,,,,,大阪府,大阪府,pay-id-2002-2054,,,pay-2002-2054,CUST-2002
佐藤花子,regular-customer-2002@example.com,paid,2020-07-24 00:00:00 +0900,fulfilled,2020-07-25 00:00:00 +0900,JPY,6000,500,600,7100,,0,宅配便,2020-07-24 00:00:00 +0900,1,季節限定コレクション 秋,6000,6000,PRD-2002-AU,true,true,fulfilled,佐藤花子,,,,,大阪府,,大阪府,日本,090-1111-0002,佐藤花子,,,,,大阪府,,大阪府,日本,090-1111-0002,regularパターン,,Shopify Payments,pay-2002-2055,0,季節工房,0,,,,ORD-2055,"regular,テスト顧客",Low,web,0,消費税 10%,600,,,,,,,,,,,,大阪府,大阪府,pay-id-2002-2055,,,pay-2002-2055,CUST-2002
佐藤花子,regular-customer-2002@example.com,paid,2020-08-16 00:00:00 +0900,fulfilled,2020-08-17 00:00:00 +0900,JPY,8000,500,800,9300,,0,宅配便,2020-08-16 00:00:00 +0900,1,ホリデースペシャル バレンタイン,8000,8000,PRD-2007-VD,true,true,fulfilled,佐藤花子,,,,,大阪府,,大阪府,日本,090-1111-0002,佐藤花子,,,,,大阪府,,大阪府,日本,090-1111-0002,regularパターン,,Shopify Payments,pay-2002-2056,0,ホリデー工房,0,,,,ORD-2056,"regular,テスト顧客",Low,web,0,消費税 10%,800,,,,,,,,,,,,大阪府,大阪府,pay-id-2002-2056,,,pay-2002-2056,CUST-2002
佐藤花子,regular-customer-2002@example.com,paid,2020-09-10 00:00:00 +0900,fulfilled,2020-09-11 00:00:00 +0900,JPY,6000,500,600,7100,,0,宅配便,2020-09-10 00:00:00 +0900,1,季節限定コレクション 秋,6000,6000,PRD-2002-AU,true,true,fulfilled,佐藤花子,,,,,大阪府,,大阪府,日本,090-1111-0002,佐藤花子,,,,,大阪府,,大阪府,日本,090-1111-0002,regularパターン,,Shopify Payments,pay-2002-2057,0,季節工房,0,,,,ORD-2057,"regular,テスト顧客",Low,web,0,消費税 10%,600,,,,,,,,,,,,大阪府,大阪府,pay-id-2002-2057,,,pay-2002-2057,CUST-2002
佐藤花子,regular-customer-2002@example.com,paid,2020-10-01 00:00:00 +0900,fulfilled,2020-10-02 00:00:00 +0900,JPY,5500,500,550,6550,,0,宅配便,2020-10-01 00:00:00 +0900,1,季節限定コレクション 夏,5500,5500,PRD-2002-SU,true,true,fulfilled,佐藤花子,,,,,大阪府,,大阪府,日本,090-1111-0002,佐藤花子,,,,,大阪府,,大阪府,日本,090-1111-0002,regularパターン,,Shopify Payments,pay-2002-2058,0,季節工房,0,,,,ORD-2058,"regular,テスト顧客",Low,web,0,消費税 10%,550,,,,,,,,,,,,大阪府,大阪府,pay-id-2002-2058,,,pay-2002-2058,CUST-2002
佐藤花子,regular-customer-2002@example.com,paid,2020-10-21 00:00:00 +0900,fulfilled,2020-10-22 00:00:00 +0900,JPY,6500,500,650,7650,,0,宅配便,2020-10-21 00:00:00 +0900,1,季節限定コレクション 冬,6500,6500,PRD-2002-WI,true,true,fulfilled,佐藤花子,,,,,大阪府,,大阪府,日本,090-1111-0002,佐藤花子,,,,,大阪府,,大阪府,日本,090-1111-0002,regularパターン,,Shopify Payments,pay-2002-2059,0,季節工房,0,,,,ORD-2059,"regular,テスト顧客",Low,web,0,消費税 10%,650,,,,,,,,,,,,大阪府,大阪府,pay-id-2002-2059,,,pay-2002-2059,CUST-2002
佐藤花子,regular-customer-2002@example.com,paid,2020-11-15 00:00:00 +0900,fulfilled,2020-11-16 00:00:00 +0900,JPY,9000,500,900,10400,,0,宅配便,2020-11-15 00:00:00 +0900,1,ホリデースペシャル クリスマス,9000,9000,PRD-2007-XM,true,true,fulfilled,佐藤花子,,,,,大阪府,,大阪府,日本,090-1111-0002,佐藤花子,,,,,大阪府,,大阪府,日本,090-1111-0002,regularパターン,,Shopify Payments,pay-2002-2060,0,ホリデー工房,0,,,,ORD-2060,"regular,テスト顧客",Low,web,0,消費税 10%,900,,,,,,,,,,,,大阪府,大阪府,pay-id-2002-2060,,,pay-2002-2060,CUST-2002
佐藤花子,regular-customer-2002@example.com,paid,2020-12-08 00:00:00 +0900,fulfilled,2020-12-09 00:00:00 +0900,JPY,6000,500,600,7100,,0,宅配便,2020-12-08 00:00:00 +0900,1,季節限定コレクション 秋,6000,6000,PRD-2002-AU,true,true,fulfilled,佐藤花子,,,,,大阪府,,大阪府,日本,090-1111-0002,佐藤花子,,,,,大阪府,,大阪府,日本,090-1111-0002,regularパターン,,Shopify Payments,pay-2002-2061,0,季節工房,0,,,,ORD-2061,"regular,テスト顧客",Low,web,0,消費税 10%,600,,,,,,,,,,,,大阪府,大阪府,pay-id-2002-2061,,,pay-2002-2061,CUST-2002
佐藤花子,regular-customer-2002@example.com,paid,2020-12-29 00:00:00 +0900,fulfilled,2020-12-30 00:00:00 +0900,JPY,8000,500,800,9300,,0,宅配便,2020-12-29 00:00:00 +0900,1,ホリデースペシャル バレンタイン,8000,8000,PRD-2007-VD,true,true,fulfilled,佐藤花子,,,,,大阪府,,大阪府,日本,090-1111-0002,佐藤花子,,,,,大阪府,,大阪府,日本,090-1111-0002,regularパターン,,Shopify Payments,pay-2002-2062,0,ホリデー工房,0,,,,ORD-2062,"regular,テスト顧客",Low,web,0,消費税 10%,800,,,,,,,,,,,,大阪府,大阪府,pay-id-2002-2062,,,pay-2002-2062,CUST-2002
鈴木次郎,frequent-customer-2003@example.com,paid,2020-01-01 00:00:00 +0900,fulfilled,2020-01-02 00:00:00 +0900,JPY,6500,500,650,7650,,0,宅配便,2020-01-01 00:00:00 +0900,1,季節限定コレクション 冬,6500,6500,PRD-2002-WI,true,true,fulfilled,鈴木次郎,,,,,愛知県,,愛知県,日本,090-1111-0003,鈴木次郎,,,,,愛知県,,愛知県,日本,090-1111-0003,frequentパターン,,Shopify Payments,pay-2003-2063,0,季節工房,0,,,,ORD-2063,"frequent,テスト顧客",Low,web,0,消費税 10%,650,,,,,,,,,,,,愛知県,愛知県,pay-id-2003-2063,,,pay-2003-2063,CUST-2003
鈴木次郎,frequent-customer-2003@example.com,paid,2020-01-28 00:00:00 +0900,fulfilled,2020-01-29 00:00:00 +0900,JPY,6500,500,650,7650,,0,宅配便,2020-01-28 00:00:00 +0900,1,季節限定コレクション 冬,6500,6500,PRD-2002-WI,true,true,fulfilled,鈴木次郎,,,,,愛知県,,愛知県,日本,090-1111-0003,鈴木次郎,,,,,愛知県,,愛知県,日本,090-1111-0003,frequentパターン,,Shopify Payments,pay-2003-2064,0,季節工房,0,,,,ORD-2064,"frequent,テスト顧客",Low,web,0,消費税 10%,650,,,,,,,,,,,,愛知県,愛知県,pay-id-2003-2064,,,pay-2003-2064,CUST-2003
鈴木次郎,frequent-customer-2003@example.com,paid,2020-02-22 00:00:00 +0900,fulfilled,2020-02-23 00:00:00 +0900,JPY,6500,500,650,7650,,0,宅配便,2020-02-22 00:00:00 +0900,1,季節限定コレクション 冬,6500,6500,PRD-2002-WI,true,true,fulfilled,鈴木次郎,,,,,愛知県,,愛知県,日本,090-1111-0003,鈴木次郎,,,,,愛知県,,愛知県,日本,090-1111-0003,frequentパターン,,Shopify Payments,pay-2003-2065,0,季節工房,0,,,,ORD-2065,"frequent,テスト顧客",Low,web,0,消費税 10%,650,,,,,,,,,,,,愛知県,愛知県,pay-id-2003-2065,,,pay-2003-2065,CUST-2003
鈴木次郎,frequent-customer-2003@example.com,paid,2020-03-20 00:00:00 +0900,fulfilled,2020-03-21 00:00:00 +0900,JPY,5000,500,500,6000,,0,宅配便,2020-03-20 00:00:00 +0900,1,季節限定コレクション 春,5000,5000,PRD-2002-SP,true,true,fulfilled,鈴木次郎,,,,,愛知県,,愛知県,日本,090-1111-0003,鈴木次郎,,,,,愛知県,,愛知県,日本,090-1111-0003,frequentパターン,,Shopify Payments,pay-2003-2066,0,季節工房,0,,,,ORD-2066,"frequent,テスト顧客",Low,web,0,消費税 10%,500,,,,,,,,,,,,愛知県,愛知県,pay-id-2003-2066,,,pay-2003-2066,CUST-2003
鈴木次郎,frequent-customer-2003@example.com,paid,2020-04-23 00:00:00 +0900,fulfilled,2020-04-24 00:00:00 +0900,JPY,5000,500,500,6000,,0,宅配便,2020-04-23 00:00:00 +0900,1,季節限定コレクション 春,5000,5000,PRD-2002-SP,true,true,fulfilled,鈴木次郎,,,,,愛知県,,愛知県,日本,090-1111-0003,鈴木次郎,,,,,愛知県,,愛知県,日本,090-1111-0003,frequentパターン,,Shopify Payments,pay-2003-2067,0,季節工房,0,,,,ORD-2067,"frequent,テスト顧客",Low,web,0,消費税 10%,500,,,,,,,,,,,,愛知県,愛知県,pay-id-2003-2067,,,pay-2003-2067,CUST-2003
鈴木次郎,frequent-customer-2003@example.com,paid,2020-05-27 00:00:00 +0900,fulfilled,2020-05-28 00:00:00 +0900,JPY,5000,500,500,6000,,0,宅配便,2020-05-27 00:00:00 +0900,1,季節限定コレクション 春,5000,5000,PRD-2002-SP,true,true,fulfilled,鈴木次郎,,,,,愛知県,,愛知県,日本,090-1111-0003,鈴木次郎,,,,,愛知県,,愛知県,日本,090-1111-0003,frequentパターン,,Shopify Payments,pay-2003-2068,0,季節工房,0,,,,ORD-2068,"frequent,テスト顧客",Low,web,0,消費税 10%,500,,,,,,,,,,,,愛知県,愛知県,pay-id-2003-2068,,,pay-2003-2068,CUST-2003
鈴木次郎,frequent-customer-2003@example.com,paid,2020-06-26 00:00:00 +0900,fulfilled,2020-06-27 00:00:00 +0900,JPY,5500,500,550,6550,,0,宅配便,2020-06-26 00:00:00 +0900,1,季節限定コレクション 夏,5500,5500,PRD-2002-SU,true,true,fulfilled,鈴木次郎,,,,,愛知県,,愛知県,日本,090-1111-0003,鈴木次郎,,,,,愛知県,,愛知県,日本,090-1111-0003,frequentパターン,,Shopify Payments,pay-2003-2069,0,季節工房,0,,,,ORD-2069,"frequent,テスト顧客",Low,web,0,消費税 10%,550,,,,,,,,,,,,愛知県,愛知県,pay-id-2003-2069,,,pay-2003-2069,CUST-2003
鈴木次郎,frequent-customer-2003@example.com,paid,2020-07-28 00:00:00 +0900,fulfilled,2020-07-29 00:00:00 +0900,JPY,5500,500,550,6550,,0,宅配便,2020-07-28 00:00:00 +0900,1,季節限定コレクション 夏,5500,5500,PRD-2002-SU,true,true,fulfilled,鈴木次郎,,,,,愛知県,,愛知県,日本,090-1111-0003,鈴木次郎,,,,,愛知県,,愛知県,日本,090-1111-0003,frequentパターン,,Shopify Payments,pay-2003-2070,0,季節工房,0,,,,ORD-2070,"frequent,テスト顧客",Low,web,0,消費税 10%,550,,,,,,,,,,,,愛知県,愛知県,pay-id-2003-2070,,,pay-2003-2070,CUST-2003
鈴木次郎,frequent-customer-2003@example.com,paid,2020-09-01 00:00:00 +0900,fulfilled,2020-09-02 00:00:00 +0900,JPY,6000,500,600,7100,,0,宅配便,2020-09-01 00:00:00 +0900,1,季節限定コレクション 秋,6000,6000,PRD-2002-AU,true,true,fulfilled,鈴木次郎,,,,,愛知県,,愛知県,日本,090-1111-0003,鈴木次郎,,,,,愛知県,,愛知県,日本,090-1111-0003,frequentパターン,,Shopify Payments,pay-2003-2071,0,季節工房,0,,,,ORD-2071,"frequent,テスト顧客",Low,web,0,消費税 10%,600,,,,,,,,,,,,愛知県,愛知県,pay-id-2003-2071,,,pay-2003-2071,CUST-2003
鈴木次郎,frequent-customer-2003@example.com,paid,2020-09-28 00:00:00 +0900,fulfilled,2020-09-29 00:00:00 +0900,JPY,6000,500,600,7100,,0,宅配便,2020-09-28 00:00:00 +0900,1,季節限定コレクション 秋,6000,6000,PRD-2002-AU,true,true,fulfilled,鈴木次郎,,,,,愛知県,,愛知県,日本,090-1111-0003,鈴木次郎,,,,,愛知県,,愛知県,日本,090-1111-0003,frequentパターン,,Shopify Payments,pay-2003-2072,0,季節工房,0,,,,ORD-2072,"frequent,テスト顧客",Low,web,0,消費税 10%,600,,,,,,,,,,,,愛知県,愛知県,pay-id-2003-2072,,,pay-2003-2072,CUST-2003
鈴木次郎,frequent-customer-2003@example.com,paid,2020-11-01 00:00:00 +0900,fulfilled,2020-11-02 00:00:00 +0900,JPY,6000,500,600,7100,,0,宅配便,2020-11-01 00:00:00 +0900,1,季節限定コレクション 秋,6000,6000,PRD-2002-AU,true,true,fulfilled,鈴木次郎,,,,,愛知県,,愛知県,日本,090-1111-0003,鈴木次郎,,,,,愛知県,,愛知県,日本,090-1111-0003,frequentパターン,,Shopify Payments,pay-2003-2073,0,季節工房,0,,,,ORD-2073,"frequent,テスト顧客",Low,web,0,消費税 10%,600,,,,,,,,,,,,愛知県,愛知県,pay-id-2003-2073,,,pay-2003-2073,CUST-2003
鈴木次郎,frequent-customer-2003@example.com,paid,2020-12-03 00:00:00 +0900,fulfilled,2020-12-04 00:00:00 +0900,JPY,6500,500,650,7650,,0,宅配便,2020-12-03 00:00:00 +0900,1,季節限定コレクション 冬,6500,6500,PRD-2002-WI,true,true,fulfilled,鈴木次郎,,,,,愛知県,,愛知県,日本,090-1111-0003,鈴木次郎,,,,,愛知県,,愛知県,日本,090-1111-0003,frequentパターン,,Shopify Payments,pay-2003-2074,0,季節工房,0,,,,ORD-2074,"frequent,テスト顧客",Low,web,0,消費税 10%,650,,,,,,,,,,,,愛知県,愛知県,pay-id-2003-2074,,,pay-2003-2074,CUST-2003
鈴木次郎,frequent-customer-2003@example.com,paid,2020-12-30 00:00:00 +0900,fulfilled,2020-12-31 00:00:00 +0900,JPY,6500,500,650,7650,,0,宅配便,2020-12-30 00:00:00 +0900,1,季節限定コレクション 冬,6500,6500,PRD-2002-WI,true,true,fulfilled,鈴木次郎,,,,,愛知県,,愛知県,日本,090-1111-0003,鈴木次郎,,,,,愛知県,,愛知県,日本,090-1111-0003,frequentパターン,,Shopify Payments,pay-2003-2075,0,季節工房,0,,,,ORD-2075,"frequent,テスト顧客",Low,web,0,消費税 10%,650,,,,,,,,,,,,愛知県,愛知県,pay-id-2003-2075,,,pay-2003-2075,CUST-2003
鈴木次郎,frequent-customer-2003@example.com,paid,2021-01-29 00:00:00 +0900,fulfilled,2021-01-30 00:00:00 +0900,JPY,6500,500,650,7650,,0,宅配便,2021-01-29 00:00:00 +0900,1,季節限定コレクション 冬,6500,6500,PRD-2002-WI,true,true,fulfilled,鈴木次郎,,,,,愛知県,,愛知県,日本,090-1111-0003,鈴木次郎,,,,,愛知県,,愛知県,日本,090-1111-0003,frequentパターン,,Shopify Payments,pay-2003-2076,0,季節工房,0,,,,ORD-2076,"frequent,テスト顧客",Low,web,0,消費税 10%,650,,,,,,,,,,,,愛知県,愛知県,pay-id-2003-2076,,,pay-2003-2076,CUST-2003
鈴木次郎,frequent-customer-2003@example.com,paid,2021-02-25 00:00:00 +0900,fulfilled,2021-02-26 00:00:00 +0900,JPY,6500,500,650,7650,,0,宅配便,2021-02-25 00:00:00 +0900,1,季節限定コレクション 冬,6500,6500,PRD-2002-WI,true,true,fulfilled,鈴木次郎,,,,,愛知県,,愛知県,日本,090-1111-0003,鈴木次郎,,,,,愛知県,,愛知県,日本,090-1111-0003,frequentパターン,,Shopify Payments,pay-2003-2077,0,季節工房,0,,,,ORD-2077,"frequent,テスト顧客",Low,web,0,消費税 10%,650,,,,,,,,,,,,愛知県,愛知県,pay-id-2003-2077,,,pay-2003-2077,CUST-2003
高橋美咲,moderate-customer-2004@example.com,paid,2020-01-01 00:00:00 +0900,fulfilled,2020-01-02 00:00:00 +0900,JPY,2000,300,200,2500,,0,宅配便,2020-01-01 00:00:00 +0900,1,デイリーエッセンシャル ベーシック,2000,2000,PRD-2003-BA,true,true,fulfilled,高橋美咲,,,,,神奈川県,,神奈川県,日本,090-1111-0004,高橋美咲,,,,,神奈川県,,神奈川県,日本,090-1111-0004,moderateパターン,,Shopify Payments,pay-2004-2078,0,生活工房,0,,,,ORD-2078,"moderate,テスト顧客",Low,web,0,消費税 10%,200,,,,,,,,,,,,神奈川県,神奈川県,pay-id-2004-2078,,,pay-2004-2078,CUST-2004
高橋美咲,moderate-customer-2004@example.com,paid,2020-03-07 00:00:00 +0900,fulfilled,2020-03-08 00:00:00 +0900,JPY,3000,300,300,3600,,0,宅配便,2020-03-07 00:00:00 +0900,1,デイリーエッセンシャル スタンダード,3000,3000,PRD-2003-ST,true,true,fulfilled,高橋美咲,,,,,神奈川県,,神奈川県,日本,090-1111-0004,高橋美咲,,,,,神奈川県,,神奈川県,日本,090-1111-0004,moderateパターン,,Shopify Payments,pay-2004-2079,0,生活工房,0,,,,ORD-2079,"moderate,テスト顧客",Low,web,0,消費税 10%,300,,,,,,,,,,,,神奈川県,神奈川県,pay-id-2004-2079,,,pay-2004-2079,CUST-2004
高橋美咲,moderate-customer-2004@example.com,paid,2020-06-01 00:00:00 +0900,fulfilled,2020-06-02 00:00:00 +0900,JPY,3000,300,300,3600,,0,宅配便,2020-06-01 00:00:00 +0900,1,デイリーエッセンシャル スタンダード,3000,3000,PRD-2003-ST,true,true,fulfilled,高橋美咲,,,,,神奈川県,,神奈川県,日本,090-1111-0004,高橋美咲,,,,,神奈川県,,神奈川県,日本,090-1111-0004,moderateパターン,,Shopify Payments,pay-2004-2080,0,生活工房,0,,,,ORD-2080,"moderate,テスト顧客",Low,web,0,消費税 10%,300,,,,,,,,,,,,神奈川県,神奈川県,pay-id-2004-2080,,,pay-2004-2080,CUST-2004
高橋美咲,moderate-customer-2004@example.com,paid,2020-08-09 00:00:00 +0900,fulfilled,2020-08-10 00:00:00 +0900,JPY,2000,300,200,2500,,0,宅配便,2020-08-09 00:00:00 +0900,1,デイリーエッセンシャル ベーシック,2000,2000,PRD-2003-BA,true,true,fulfilled,高橋美咲,,,,,神奈川県,,神奈川県,日本,090-1111-0004,高橋美咲,,,,,神奈川県,,神奈川県,日本,090-1111-0004,moderateパターン,,Shopify Payments,pay-2004-2081,0,生活工房,0,,,,ORD-2081,"moderate,テスト顧客",Low,web,0,消費税 10%,200,,,,,,,,,,,,神奈川県,神奈川県,pay-id-2004-2081,,,pay-2004-2081,CUST-2004
高橋美咲,moderate-customer-2004@example.com,paid,2020-11-05 00:00:00 +0900,fulfilled,2020-11-06 00:00:00 +0900,JPY,3000,300,300,3600,,0,宅配便,2020-11-05 00:00:00 +0900,1,デイリーエッセンシャル スタンダード,3000,3000,PRD-2003-ST,true,true,fulfilled,高橋美咲,,,,,神奈川県,,神奈川県,日本,090-1111-0004,高橋美咲,,,,,神奈川県,,神奈川県,日本,090-1111-0004,moderateパターン,,Shopify Payments,pay-2004-2082,0,生活工房,0,,,,ORD-2082,"moderate,テスト顧客",Low,web,0,消費税 10%,300,,,,,,,,,,,,神奈川県,神奈川県,pay-id-2004-2082,,,pay-2004-2082,CUST-2004
高橋美咲,moderate-customer-2004@example.com,paid,2021-01-17 00:00:00 +0900,fulfilled,2021-01-18 00:00:00 +0900,JPY,2000,300,200,2500,,0,宅配便,2021-01-17 00:00:00 +0900,1,デイリーエッセンシャル ベーシック,2000,2000,PRD-2003-BA,true,true,fulfilled,高橋美咲,,,,,神奈川県,,神奈川県,日本,090-1111-0004,高橋美咲,,,,,神奈川県,,神奈川県,日本,090-1111-0004,moderateパターン,,Shopify Payments,pay-2004-2083,0,生活工房,0,,,,ORD-2083,"moderate,テスト顧客",Low,web,0,消費税 10%,200,,,,,,,,,,,,神奈川県,神奈川県,pay-id-2004-2083,,,pay-2004-2083,CUST-2004
高橋美咲,moderate-customer-2004@example.com,paid,2021-04-04 00:00:00 +0900,fulfilled,2021-04-05 00:00:00 +0900,JPY,2000,300,200,2500,,0,宅配便,2021-04-04 00:00:00 +0900,1,デイリーエッセンシャル ベーシック,2000,2000,PRD-2003-BA,true,true,fulfilled,高橋美咲,,,,,神奈川県,,神奈川県,日本,090-1111-0004,高橋美咲,,,,,神奈川県,,神奈川県,日本,090-1111-0004,moderateパターン,,Shopify Payments,pay-2004-2084,0,生活工房,0,,,,ORD-2084,"moderate,テスト顧客",Low,web,0,消費税 10%,200,,,,,,,,,,,,神奈川県,神奈川県,pay-id-2004-2084,,,pay-2004-2084,CUST-2004
高橋美咲,moderate-customer-2004@example.com,paid,2021-06-18 00:00:00 +0900,fulfilled,2021-06-19 00:00:00 +0900,JPY,3000,300,300,3600,,0,宅配便,2021-06-18 00:00:00 +0900,1,デイリーエッセンシャル スタンダード,3000,3000,PRD-2003-ST,true,true,fulfilled,高橋美咲,,,,,神奈川県,,神奈川県,日本,090-1111-0004,高橋美咲,,,,,神奈川県,,神奈川県,日本,090-1111-0004,moderateパターン,,Shopify Payments,pay-2004-2085,0,生活工房,0,,,,ORD-2085,"moderate,テスト顧客",Low,web,0,消費税 10%,300,,,,,,,,,,,,神奈川県,神奈川県,pay-id-2004-2085,,,pay-2004-2085,CUST-2004
伊藤健一,occasional-customer-2005@example.com,paid,2020-01-01 00:00:00 +0900,fulfilled,2020-01-02 00:00:00 +0900,JPY,3000,300,300,3600,,0,宅配便,2020-01-01 00:00:00 +0900,1,デイリーエッセンシャル スタンダード,3000,3000,PRD-2003-ST,true,true,fulfilled,伊藤健一,,,,,千葉県,,千葉県,日本,090-1111-0005,伊藤健一,,,,,千葉県,,千葉県,日本,090-1111-0005,occasionalパターン,,Shopify Payments,pay-2005-2086,0,生活工房,0,,,,ORD-2086,"occasional,テスト顧客",Low,web,0,消費税 10%,300,,,,,,,,,,,,千葉県,千葉県,pay-id-2005-2086,,,pay-2005-2086,CUST-2005
伊藤健一,occasional-customer-2005@example.com,paid,2020-05-26 00:00:00 +0900,fulfilled,2020-05-27 00:00:00 +0900,JPY,4000,300,400,4700,,0,宅配便,2020-05-26 00:00:00 +0900,1,デイリーエッセンシャル プレミアム,4000,4000,PRD-2003-PR,true,true,fulfilled,伊藤健一,,,,,千葉県,,千葉県,日本,090-1111-0005,伊藤健一,,,,,千葉県,,千葉県,日本,090-1111-0005,occasionalパターン,,Shopify Payments,pay-2005-2087,0,生活工房,0,,,,ORD-2087,"occasional,テスト顧客",Low,web,0,消費税 10%,400,,,,,,,,,,,,千葉県,千葉県,pay-id-2005-2087,,,pay-2005-2087,CUST-2005
伊藤健一,occasional-customer-2005@example.com,paid,2020-10-22 00:00:00 +0900,fulfilled,2020-10-23 00:00:00 +0900,JPY,3000,300,300,3600,,0,宅配便,2020-10-22 00:00:00 +0900,1,デイリーエッセンシャル スタンダード,3000,3000,PRD-2003-ST,true,true,fulfilled,伊藤健一,,,,,千葉県,,千葉県,日本,090-1111-0005,伊藤健一,,,,,千葉県,,千葉県,日本,090-1111-0005,occasionalパターン,,Shopify Payments,pay-2005-2088,0,生活工房,0,,,,ORD-2088,"occasional,テスト顧客",Low,web,0,消費税 10%,300,,,,,,,,,,,,千葉県,千葉県,pay-id-2005-2088,,,pay-2005-2088,CUST-2005
伊藤健一,occasional-customer-2005@example.com,paid,2021-02-27 00:00:00 +0900,fulfilled,2021-02-28 00:00:00 +0900,JPY,2000,300,200,2500,,0,宅配便,2021-02-27 00:00:00 +0900,1,デイリーエッセンシャル ベーシック,2000,2000,PRD-2003-BA,true,true,fulfilled,伊藤健一,,,,,千葉県,,千葉県,日本,090-1111-0005,伊藤健一,,,,,千葉県,,千葉県,日本,090-1111-0005,occasionalパターン,,Shopify Payments,pay-2005-2089,0,生活工房,0,,,,ORD-2089,"occasional,テスト顧客",Low,web,0,消費税 10%,200,,,,,,,,,,,,千葉県,千葉県,pay-id-2005-2089,,,pay-2005-2089,CUST-2005
伊藤健一,occasional-customer-2005@example.com,paid,2021-07-29 00:00:00 +0900,fulfilled,2021-07-30 00:00:00 +0900,JPY,3000,300,300,3600,,0,宅配便,2021-07-29 00:00:00 +0900,1,デイリーエッセンシャル スタンダード,3000,3000,PRD-2003-ST,true,true,fulfilled,伊藤健一,,,,,千葉県,,千葉県,日本,090-1111-0005,伊藤健一,,,,,千葉県,,千葉県,日本,090-1111-0005,occasionalパターン,,Shopify Payments,pay-2005-2090,0,生活工房,0,,,,ORD-2090,"occasional,テスト顧客",Low,web,0,消費税 10%,300,,,,,,,,,,,,千葉県,千葉県,pay-id-2005-2090,,,pay-2005-2090,CUST-2005
山田由美,dormant-customer-2006@example.com,paid,2020-01-01 00:00:00 +0900,fulfilled,2020-01-02 00:00:00 +0900,JPY,6000,500,600,7100,,0,宅配便,2020-01-01 00:00:00 +0900,1,ヘルス＆ウェルネス リラックス,6000,6000,PRD-2006-RE,true,true,fulfilled,山田由美,,,,,埼玉県,,埼玉県,日本,090-1111-0006,山田由美,,,,,埼玉県,,埼玉県,日本,090-1111-0006,dormantパターン,,Shopify Payments,pay-2006-2091,0,ウェルネス工房,0,,,,ORD-2091,"dormant,テスト顧客",Low,web,0,消費税 10%,600,,,,,,,,,,,,埼玉県,埼玉県,pay-id-2006-2091,,,pay-2006-2091,CUST-2006
山田由美,dormant-customer-2006@example.com,paid,2020-02-27 00:00:00 +0900,fulfilled,2020-02-28 00:00:00 +0900,JPY,7000,500,700,8200,,0,宅配便,2020-02-27 00:00:00 +0900,1,ヘルス＆ウェルネス エナジー,7000,7000,PRD-2006-EN,true,true,fulfilled,山田由美,,,,,埼玉県,,埼玉県,日本,090-1111-0006,山田由美,,,,,埼玉県,,埼玉県,日本,090-1111-0006,dormantパターン,,Shopify Payments,pay-2006-2092,0,ウェルネス工房,0,,,,ORD-2092,"dormant,テスト顧客",Low,web,0,消費税 10%,700,,,,,,,,,,,,埼玉県,埼玉県,pay-id-2006-2092,,,pay-2006-2092,CUST-2006
山田由美,dormant-customer-2006@example.com,paid,2020-04-14 00:00:00 +0900,fulfilled,2020-04-15 00:00:00 +0900,JPY,7000,500,700,8200,,0,宅配便,2020-04-14 00:00:00 +0900,1,ヘルス＆ウェルネス エナジー,7000,7000,PRD-2006-EN,true,true,fulfilled,山田由美,,,,,埼玉県,,埼玉県,日本,090-1111-0006,山田由美,,,,,埼玉県,,埼玉県,日本,090-1111-0006,dormantパターン,,Shopify Payments,pay-2006-2093,0,ウェルネス工房,0,,,,ORD-2093,"dormant,テスト顧客",Low,web,0,消費税 10%,700,,,,,,,,,,,,埼玉県,埼玉県,pay-id-2006-2093,,,pay-2006-2093,CUST-2006
渡辺雅志,one-time-customer-2007@example.com,paid,2021-01-20 16:00:00 +0900,fulfilled,2021-01-21 16:00:00 +0900,JPY,15000,800,1500,17300,,0,宅配便,2021-01-20 16:00:00 +0900,1,プレミアムギフトボックスセット L,15000,15000,PRD-2001-L,true,true,fulfilled,渡辺雅志,,,,,兵庫県,,兵庫県,日本,090-1111-0007,渡辺雅志,,,,,兵庫県,,兵庫県,日本,090-1111-0007,one_timeパターン,,Shopify Payments,pay-2007-2094,0,ギフト工房,0,,,,ORD-2094,"one_time,テスト顧客",Low,web,0,消費税 10%,1500,,,,,,,,,,,,兵庫県,兵庫県,pay-id-2007-2094,,,pay-2007-2094,CUST-2007
中村真理,seasonal-customer-2008@example.com,paid,2020-12-23 00:00:00 +0900,fulfilled,2020-12-24 00:00:00 +0900,JPY,9000,500,900,10400,,0,宅配便,2020-12-23 00:00:00 +0900,1,ホリデースペシャル クリスマス,9000,9000,PRD-2007-XM,true,true,fulfilled,中村真理,,,,,福岡県,,福岡県,日本,090-1111-0008,中村真理,,,,,福岡県,,福岡県,日本,090-1111-0008,seasonalパターン,,Shopify Payments,pay-2008-2095,0,ホリデー工房,0,,,,ORD-2095,"seasonal,テスト顧客",Low,web,0,消費税 10%,900,,,,,,,,,,,,福岡県,福岡県,pay-id-2008-2095,,,pay-2008-2095,CUST-2008
中村真理,seasonal-customer-2008@example.com,paid,2021-12-02 00:00:00 +0900,fulfilled,2021-12-03 00:00:00 +0900,JPY,9000,500,900,10400,,0,宅配便,2021-12-02 00:00:00 +0900,1,ホリデースペシャル クリスマス,9000,9000,PRD-2007-XM,true,true,fulfilled,中村真理,,,,,福岡県,,福岡県,日本,090-1111-0008,中村真理,,,,,福岡県,,福岡県,日本,090-1111-0008,seasonalパターン,,Shopify Payments,pay-2008-2096,0,ホリデー工房,0,,,,ORD-2096,"seasonal,テスト顧客",Low,web,0,消費税 10%,900,,,,,,,,,,,,福岡県,福岡県,pay-id-2008-2096,,,pay-2008-2096,CUST-2008
中村真理,seasonal-customer-2008@example.com,paid,2022-12-15 00:00:00 +0900,fulfilled,2022-12-16 00:00:00 +0900,JPY,9000,500,900,10400,,0,宅配便,2022-12-15 00:00:00 +0900,1,ホリデースペシャル クリスマス,9000,9000,PRD-2007-XM,true,true,fulfilled,中村真理,,,,,福岡県,,福岡県,日本,090-1111-0008,中村真理,,,,,福岡県,,福岡県,日本,090-1111-0008,seasonalパターン,,Shopify Payments,pay-2008-2097,0,ホリデー工房,0,,,,ORD-2097,"seasonal,テスト顧客",Low,web,0,消費税 10%,900,,,,,,,,,,,,福岡県,福岡県,pay-id-2008-2097,,,pay-2008-2097,CUST-2008
中村真理,seasonal-customer-2008@example.com,paid,2023-12-22 00:00:00 +0900,fulfilled,2023-12-23 00:00:00 +0900,JPY,9000,500,900,10400,,0,宅配便,2023-12-22 00:00:00 +0900,1,ホリデースペシャル クリスマス,9000,9000,PRD-2007-XM,true,true,fulfilled,中村真理,,,,,福岡県,,福岡県,日本,090-1111-0008,中村真理,,,,,福岡県,,福岡県,日本,090-1111-0008,seasonalパターン,,Shopify Payments,pay-2008-2098,0,ホリデー工房,0,,,,ORD-2098,"seasonal,テスト顧客",Low,web,0,消費税 10%,900,,,,,,,,,,,,福岡県,福岡県,pay-id-2008-2098,,,pay-2008-2098,CUST-2008
中村真理,seasonal-customer-2008@example.com,paid,2024-12-07 00:00:00 +0900,fulfilled,2024-12-08 00:00:00 +0900,JPY,9000,500,900,10400,,0,宅配便,2024-12-07 00:00:00 +0900,1,ホリデースペシャル クリスマス,9000,9000,PRD-2007-XM,true,true,fulfilled,中村真理,,,,,福岡県,,福岡県,日本,090-1111-0008,中村真理,,,,,福岡県,,福岡県,日本,090-1111-0008,seasonalパターン,,Shopify Payments,pay-2008-2099,0,ホリデー工房,0,,,,ORD-2099,"seasonal,テスト顧客",Low,web,0,消費税 10%,900,,,,,,,,,,,,福岡県,福岡県,pay-id-2008-2099,,,pay-2008-2099,CUST-2008
小林直美,gift-customer-2009@example.com,paid,2021-02-14 00:00:00 +0900,fulfilled,2021-02-15 00:00:00 +0900,JPY,8000,500,800,9300,,0,宅配便,2021-02-14 00:00:00 +0900,1,ホリデースペシャル バレンタイン,8000,8000,PRD-2007-VD,true,true,fulfilled,小林直美,,,,,静岡県,,静岡県,日本,090-1111-0009,小林直美,,,,,静岡県,,静岡県,日本,090-1111-0009,giftパターン,,Shopify Payments,pay-2009-2100,0,ホリデー工房,0,,,,ORD-2100,"gift,テスト顧客",Low,web,0,消費税 10%,800,,,,,,,,,,,,静岡県,静岡県,pay-id-2009-2100,,,pay-2009-2100,CUST-2009
小林直美,gift-customer-2009@example.com,paid,2021-05-10 00:00:00 +0900,fulfilled,2021-05-11 00:00:00 +0900,JPY,7000,500,700,8200,,0,宅配便,2021-05-10 00:00:00 +0900,1,ホリデースペシャル 母の日,7000,7000,PRD-2007-MD,true,true,fulfilled,小林直美,,,,,静岡県,,静岡県,日本,090-1111-0009,小林直美,,,,,静岡県,,静岡県,日本,090-1111-0009,giftパターン,,Shopify Payments,pay-2009-2101,0,ホリデー工房,0,,,,ORD-2101,"gift,テスト顧客",Low,web,0,消費税 10%,700,,,,,,,,,,,,静岡県,静岡県,pay-id-2009-2101,,,pay-2009-2101,CUST-2009
小林直美,gift-customer-2009@example.com,paid,2021-12-20 00:00:00 +0900,fulfilled,2021-12-21 00:00:00 +0900,JPY,9000,500,900,10400,,0,宅配便,2021-12-20 00:00:00 +0900,1,ホリデースペシャル クリスマス,9000,9000,PRD-2007-XM,true,true,fulfilled,小林直美,,,,,静岡県,,静岡県,日本,090-1111-0009,小林直美,,,,,静岡県,,静岡県,日本,090-1111-0009,giftパターン,,Shopify Payments,pay-2009-2102,0,ホリデー工房,0,,,,ORD-2102,"gift,テスト顧客",Low,web,0,消費税 10%,900,,,,,,,,,,,,静岡県,静岡県,pay-id-2009-2102,,,pay-2009-2102,CUST-2009
小林直美,gift-customer-2009@example.com,paid,2022-02-14 00:00:00 +0900,fulfilled,2022-02-15 00:00:00 +0900,JPY,8000,500,800,9300,,0,宅配便,2022-02-14 00:00:00 +0900,1,ホリデースペシャル バレンタイン,8000,8000,PRD-2007-VD,true,true,fulfilled,小林直美,,,,,静岡県,,静岡県,日本,090-1111-0009,小林直美,,,,,静岡県,,静岡県,日本,090-1111-0009,giftパターン,,Shopify Payments,pay-2009-2103,0,ホリデー工房,0,,,,ORD-2103,"gift,テスト顧客",Low,web,0,消費税 10%,800,,,,,,,,,,,,静岡県,静岡県,pay-id-2009-2103,,,pay-2009-2103,CUST-2009
小林直美,gift-customer-2009@example.com,paid,2022-05-10 00:00:00 +0900,fulfilled,2022-05-11 00:00:00 +0900,JPY,7000,500,700,8200,,0,宅配便,2022-05-10 00:00:00 +0900,1,ホリデースペシャル 母の日,7000,7000,PRD-2007-MD,true,true,fulfilled,小林直美,,,,,静岡県,,静岡県,日本,090-1111-0009,小林直美,,,,,静岡県,,静岡県,日本,090-1111-0009,giftパターン,,Shopify Payments,pay-2009-2104,0,ホリデー工房,0,,,,ORD-2104,"gift,テスト顧客",Low,web,0,消費税 10%,700,,,,,,,,,,,,静岡県,静岡県,pay-id-2009-2104,,,pay-2009-2104,CUST-2009
小林直美,gift-customer-2009@example.com,paid,2022-12-20 00:00:00 +0900,fulfilled,2022-12-21 00:00:00 +0900,JPY,9000,500,900,10400,,0,宅配便,2022-12-20 00:00:00 +0900,1,ホリデースペシャル クリスマス,9000,9000,PRD-2007-XM,true,true,fulfilled,小林直美,,,,,静岡県,,静岡県,日本,090-1111-0009,小林直美,,,,,静岡県,,静岡県,日本,090-1111-0009,giftパターン,,Shopify Payments,pay-2009-2105,0,ホリデー工房,0,,,,ORD-2105,"gift,テスト顧客",Low,web,0,消費税 10%,900,,,,,,,,,,,,静岡県,静岡県,pay-id-2009-2105,,,pay-2009-2105,CUST-2009
小林直美,gift-customer-2009@example.com,paid,2023-02-14 00:00:00 +0900,fulfilled,2023-02-15 00:00:00 +0900,JPY,8000,500,800,9300,,0,宅配便,2023-02-14 00:00:00 +0900,1,ホリデースペシャル バレンタイン,8000,8000,PRD-2007-VD,true,true,fulfilled,小林直美,,,,,静岡県,,静岡県,日本,090-1111-0009,小林直美,,,,,静岡県,,静岡県,日本,090-1111-0009,giftパターン,,Shopify Payments,pay-2009-2106,0,ホリデー工房,0,,,,ORD-2106,"gift,テスト顧客",Low,web,0,消費税 10%,800,,,,,,,,,,,,静岡県,静岡県,pay-id-2009-2106,,,pay-2009-2106,CUST-2009
加藤翔太,recent-customer-2010@example.com,paid,2024-01-15 00:00:00 +0900,fulfilled,2024-01-16 00:00:00 +0900,JPY,2000,300,200,2500,,0,宅配便,2024-01-15 00:00:00 +0900,1,デイリーエッセンシャル ベーシック,2000,2000,PRD-2003-BA,true,true,fulfilled,加藤翔太,,,,,茨城県,,茨城県,日本,090-1111-0010,加藤翔太,,,,,茨城県,,茨城県,日本,090-1111-0010,recentパターン,,Shopify Payments,pay-2010-2107,0,生活工房,0,,,,ORD-2107,"recent,テスト顧客",Low,web,0,消費税 10%,200,,,,,,,,,,,,茨城県,茨城県,pay-id-2010-2107,,,pay-2010-2107,CUST-2010
加藤翔太,recent-customer-2010@example.com,paid,2024-03-01 00:00:00 +0900,fulfilled,2024-03-02 00:00:00 +0900,JPY,2000,300,200,2500,,0,宅配便,2024-03-01 00:00:00 +0900,1,デイリーエッセンシャル ベーシック,2000,2000,PRD-2003-BA,true,true,fulfilled,加藤翔太,,,,,茨城県,,茨城県,日本,090-1111-0010,加藤翔太,,,,,茨城県,,茨城県,日本,090-1111-0010,recentパターン,,Shopify Payments,pay-2010-2108,0,生活工房,0,,,,ORD-2108,"recent,テスト顧客",Low,web,0,消費税 10%,200,,,,,,,,,,,,茨城県,茨城県,pay-id-2010-2108,,,pay-2010-2108,CUST-2010
加藤翔太,recent-customer-2010@example.com,paid,2024-04-12 00:00:00 +0900,fulfilled,2024-04-13 00:00:00 +0900,JPY,2000,300,200,2500,,0,宅配便,2024-04-12 00:00:00 +0900,1,デイリーエッセンシャル ベーシック,2000,2000,PRD-2003-BA,true,true,fulfilled,加藤翔太,,,,,茨城県,,茨城県,日本,090-1111-0010,加藤翔太,,,,,茨城県,,茨城県,日本,090-1111-0010,recentパターン,,Shopify Payments,pay-2010-2109,0,生活工房,0,,,,ORD-2109,"recent,テスト顧客",Low,web,0,消費税 10%,200,,,,,,,,,,,,茨城県,茨城県,pay-id-2010-2109,,,pay-2010-2109,CUST-2010
加藤翔太,recent-customer-2010@example.com,paid,2024-05-24 00:00:00 +0900,fulfilled,2024-05-25 00:00:00 +0900,JPY,2000,300,200,2500,,0,宅配便,2024-05-24 00:00:00 +0900,1,デイリーエッセンシャル ベーシック,2000,2000,PRD-2003-BA,true,true,fulfilled,加藤翔太,,,,,茨城県,,茨城県,日本,090-1111-0010,加藤翔太,,,,,茨城県,,茨城県,日本,090-1111-0010,recentパターン,,Shopify Payments,pay-2010-2110,0,生活工房,0,,,,ORD-2110,"recent,テスト顧客",Low,web,0,消費税 10%,200,,,,,,,,,,,,茨城県,茨城県,pay-id-2010-2110,,,pay-2010-2110,CUST-2010
森田康夫,bulk-customer-2011@example.com,paid,2020-01-01 00:00:00 +0900,fulfilled,2020-01-02 00:00:00 +0900,JPY,10000,800,1000,11800,,0,宅配便,2020-01-01 00:00:00 +0900,5,デイリーエッセンシャル ベーシック,2000,2000,PRD-2003-BA,true,true,fulfilled,森田康夫,,,,,栃木県,,栃木県,日本,090-1111-0011,森田康夫,,,,,栃木県,,栃木県,日本,090-1111-0011,bulkパターン,,Shopify Payments,pay-2011-2111,0,生活工房,0,,,,ORD-2111,"bulk,テスト顧客",Low,web,0,消費税 10%,1000,,,,,,,,,,,,栃木県,栃木県,pay-id-2011-2111,,,pay-2011-2111,CUST-2011
森田康夫,bulk-customer-2011@example.com,paid,2020-03-23 00:00:00 +0900,fulfilled,2020-03-24 00:00:00 +0900,JPY,12000,800,1200,14000,,0,宅配便,2020-03-23 00:00:00 +0900,6,デイリーエッセンシャル ベーシック,2000,2000,PRD-2003-BA,true,true,fulfilled,森田康夫,,,,,栃木県,,栃木県,日本,090-1111-0011,森田康夫,,,,,栃木県,,栃木県,日本,090-1111-0011,bulkパターン,,Shopify Payments,pay-2011-2112,0,生活工房,0,,,,ORD-2112,"bulk,テスト顧客",Low,web,0,消費税 10%,1200,,,,,,,,,,,,栃木県,栃木県,pay-id-2011-2112,,,pay-2011-2112,CUST-2011
森田康夫,bulk-customer-2011@example.com,paid,2020-06-23 00:00:00 +0900,fulfilled,2020-06-24 00:00:00 +0900,JPY,16000,800,1600,18400,,0,宅配便,2020-06-23 00:00:00 +0900,8,デイリーエッセンシャル ベーシック,2000,2000,PRD-2003-BA,true,true,fulfilled,森田康夫,,,,,栃木県,,栃木県,日本,090-1111-0011,森田康夫,,,,,栃木県,,栃木県,日本,090-1111-0011,bulkパターン,,Shopify Payments,pay-2011-2113,0,生活工房,0,,,,ORD-2113,"bulk,テスト顧客",Low,web,0,消費税 10%,1600,,,,,,,,,,,,栃木県,栃木県,pay-id-2011-2113,,,pay-2011-2113,CUST-2011
森田康夫,bulk-customer-2011@example.com,paid,2020-09-19 00:00:00 +0900,fulfilled,2020-09-20 00:00:00 +0900,JPY,8000,500,800,9300,,0,宅配便,2020-09-19 00:00:00 +0900,4,デイリーエッセンシャル ベーシック,2000,2000,PRD-2003-BA,true,true,fulfilled,森田康夫,,,,,栃木県,,栃木県,日本,090-1111-0011,森田康夫,,,,,栃木県,,栃木県,日本,090-1111-0011,bulkパターン,,Shopify Payments,pay-2011-2114,0,生活工房,0,,,,ORD-2114,"bulk,テスト顧客",Low,web,0,消費税 10%,800,,,,,,,,,,,,栃木県,栃木県,pay-id-2011-2114,,,pay-2011-2114,CUST-2011
森田康夫,bulk-customer-2011@example.com,paid,2020-12-11 00:00:00 +0900,fulfilled,2020-12-12 00:00:00 +0900,JPY,6000,500,600,7100,,0,宅配便,2020-12-11 00:00:00 +0900,3,デイリーエッセンシャル ベーシック,2000,2000,PRD-2003-BA,true,true,fulfilled,森田康夫,,,,,栃木県,,栃木県,日本,090-1111-0011,森田康夫,,,,,栃木県,,栃木県,日本,090-1111-0011,bulkパターン,,Shopify Payments,pay-2011-2115,0,生活工房,0,,,,ORD-2115,"bulk,テスト顧客",Low,web,0,消費税 10%,600,,,,,,,,,,,,栃木県,栃木県,pay-id-2011-2115,,,pay-2011-2115,CUST-2011
森田康夫,bulk-customer-2011@example.com,paid,2021-03-03 00:00:00 +0900,fulfilled,2021-03-04 00:00:00 +0900,JPY,14000,800,1400,16200,,0,宅配便,2021-03-03 00:00:00 +0900,7,デイリーエッセンシャル ベーシック,2000,2000,PRD-2003-BA,true,true,fulfilled,森田康夫,,,,,栃木県,,栃木県,日本,090-1111-0011,森田康夫,,,,,栃木県,,栃木県,日本,090-1111-0011,bulkパターン,,Shopify Payments,pay-2011-2116,0,生活工房,0,,,,ORD-2116,"bulk,テスト顧客",Low,web,0,消費税 10%,1400,,,,,,,,,,,,栃木県,栃木県,pay-id-2011-2116,,,pay-2011-2116,CUST-2011
森田康夫,bulk-customer-2011@example.com,paid,2021-05-23 00:00:00 +0900,fulfilled,2021-05-24 00:00:00 +0900,JPY,14000,800,1400,16200,,0,宅配便,2021-05-23 00:00:00 +0900,7,デイリーエッセンシャル ベーシック,2000,2000,PRD-2003-BA,true,true,fulfilled,森田康夫,,,,,栃木県,,栃木県,日本,090-1111-0011,森田康夫,,,,,栃木県,,栃木県,日本,090-1111-0011,bulkパターン,,Shopify Payments,pay-2011-2117,0,生活工房,0,,,,ORD-2117,"bulk,テスト顧客",Low,web,0,消費税 10%,1400,,,,,,,,,,,,栃木県,栃木県,pay-id-2011-2117,,,pay-2011-2117,CUST-2011
森田康夫,bulk-customer-2011@example.com,paid,2021-08-20 00:00:00 +0900,fulfilled,2021-08-21 00:00:00 +0900,JPY,16000,800,1600,18400,,0,宅配便,2021-08-20 00:00:00 +0900,8,デイリーエッセンシャル ベーシック,2000,2000,PRD-2003-BA,true,true,fulfilled,森田康夫,,,,,栃木県,,栃木県,日本,090-1111-0011,森田康夫,,,,,栃木県,,栃木県,日本,090-1111-0011,bulkパターン,,Shopify Payments,pay-2011-2118,0,生活工房,0,,,,ORD-2118,"bulk,テスト顧客",Low,web,0,消費税 10%,1600,,,,,,,,,,,,栃木県,栃木県,pay-id-2011-2118,,,pay-2011-2118,CUST-2011
森田康夫,bulk-customer-2011@example.com,paid,2021-11-20 00:00:00 +0900,fulfilled,2021-11-21 00:00:00 +0900,JPY,8000,500,800,9300,,0,宅配便,2021-11-20 00:00:00 +0900,4,デイリーエッセンシャル ベーシック,2000,2000,PRD-2003-BA,true,true,fulfilled,森田康夫,,,,,栃木県,,栃木県,日本,090-1111-0011,森田康夫,,,,,栃木県,,栃木県,日本,090-1111-0011,bulkパターン,,Shopify Payments,pay-2011-2119,0,生活工房,0,,,,ORD-2119,"bulk,テスト顧客",Low,web,0,消費税 10%,800,,,,,,,,,,,,栃木県,栃木県,pay-id-2011-2119,,,pay-2011-2119,CUST-2011
森田康夫,bulk-customer-2011@example.com,paid,2022-02-26 00:00:00 +0900,fulfilled,2022-02-27 00:00:00 +0900,JPY,16000,800,1600,18400,,0,宅配便,2022-02-26 00:00:00 +0900,8,デイリーエッセンシャル ベーシック,2000,2000,PRD-2003-BA,true,true,fulfilled,森田康夫,,,,,栃木県,,栃木県,日本,090-1111-0011,森田康夫,,,,,栃木県,,栃木県,日本,090-1111-0011,bulkパターン,,Shopify Payments,pay-2011-2120,0,生活工房,0,,,,ORD-2120,"bulk,テスト顧客",Low,web,0,消費税 10%,1600,,,,,,,,,,,,栃木県,栃木県,pay-id-2011-2120,,,pay-2011-2120,CUST-2011
森田康夫,bulk-customer-2011@example.com,paid,2022-05-17 00:00:00 +0900,fulfilled,2022-05-18 00:00:00 +0900,JPY,12000,800,1200,14000,,0,宅配便,2022-05-17 00:00:00 +0900,6,デイリーエッセンシャル ベーシック,2000,2000,PRD-2003-BA,true,true,fulfilled,森田康夫,,,,,栃木県,,栃木県,日本,090-1111-0011,森田康夫,,,,,栃木県,,栃木県,日本,090-1111-0011,bulkパターン,,Shopify Payments,pay-2011-2121,0,生活工房,0,,,,ORD-2121,"bulk,テスト顧客",Low,web,0,消費税 10%,1200,,,,,,,,,,,,栃木県,栃木県,pay-id-2011-2121,,,pay-2011-2121,CUST-2011
森田康夫,bulk-customer-2011@example.com,paid,2022-08-12 00:00:00 +0900,fulfilled,2022-08-13 00:00:00 +0900,JPY,6000,500,600,7100,,0,宅配便,2022-08-12 00:00:00 +0900,3,デイリーエッセンシャル ベーシック,2000,2000,PRD-2003-BA,true,true,fulfilled,森田康夫,,,,,栃木県,,栃木県,日本,090-1111-0011,森田康夫,,,,,栃木県,,栃木県,日本,090-1111-0011,bulkパターン,,Shopify Payments,pay-2011-2122,0,生活工房,0,,,,ORD-2122,"bulk,テスト顧客",Low,web,0,消費税 10%,600,,,,,,,,,,,,栃木県,栃木県,pay-id-2011-2122,,,pay-2011-2122,CUST-2011
橋本典子,spring-customer-2012@example.com,paid,2021-03-22 00:00:00 +0900,fulfilled,2021-03-23 00:00:00 +0900,JPY,5000,500,500,6000,,0,宅配便,2021-03-22 00:00:00 +0900,1,季節限定コレクション 春,5000,5000,PRD-2002-SP,true,true,fulfilled,橋本典子,,,,,群馬県,,群馬県,日本,090-1111-0012,橋本典子,,,,,群馬県,,群馬県,日本,090-1111-0012,springパターン,,Shopify Payments,pay-2012-2123,0,季節工房,0,,,,ORD-2123,"spring,テスト顧客",Low,web,0,消費税 10%,500,,,,,,,,,,,,群馬県,群馬県,pay-id-2012-2123,,,pay-2012-2123,CUST-2012
橋本典子,spring-customer-2012@example.com,paid,2021-04-04 00:00:00 +0900,fulfilled,2021-04-05 00:00:00 +0900,JPY,5000,500,500,6000,,0,宅配便,2021-04-04 00:00:00 +0900,1,季節限定コレクション 春,5000,5000,PRD-2002-SP,true,true,fulfilled,橋本典子,,,,,群馬県,,群馬県,日本,090-1111-0012,橋本典子,,,,,群馬県,,群馬県,日本,090-1111-0012,springパターン,,Shopify Payments,pay-2012-2124,0,季節工房,0,,,,ORD-2124,"spring,テスト顧客",Low,web,0,消費税 10%,500,,,,,,,,,,,,群馬県,群馬県,pay-id-2012-2124,,,pay-2012-2124,CUST-2012
橋本典子,spring-customer-2012@example.com,paid,2021-05-17 00:00:00 +0900,fulfilled,2021-05-18 00:00:00 +0900,JPY,5000,500,500,6000,,0,宅配便,2021-05-17 00:00:00 +0900,1,季節限定コレクション 春,5000,5000,PRD-2002-SP,true,true,fulfilled,橋本典子,,,,,群馬県,,群馬県,日本,090-1111-0012,橋本典子,,,,,群馬県,,群馬県,日本,090-1111-0012,springパターン,,Shopify Payments,pay-2012-2125,0,季節工房,0,,,,ORD-2125,"spring,テスト顧客",Low,web,0,消費税 10%,500,,,,,,,,,,,,群馬県,群馬県,pay-id-2012-2125,,,pay-2012-2125,CUST-2012
橋本典子,spring-customer-2012@example.com,paid,2022-03-23 00:00:00 +0900,fulfilled,2022-03-24 00:00:00 +0900,JPY,5000,500,500,6000,,0,宅配便,2022-03-23 00:00:00 +0900,1,季節限定コレクション 春,5000,5000,PRD-2002-SP,true,true,fulfilled,橋本典子,,,,,群馬県,,群馬県,日本,090-1111-0012,橋本典子,,,,,群馬県,,群馬県,日本,090-1111-0012,springパターン,,Shopify Payments,pay-2012-2126,0,季節工房,0,,,,ORD-2126,"spring,テスト顧客",Low,web,0,消費税 10%,500,,,,,,,,,,,,群馬県,群馬県,pay-id-2012-2126,,,pay-2012-2126,CUST-2012
橋本典子,spring-customer-2012@example.com,paid,2022-04-18 00:00:00 +0900,fulfilled,2022-04-19 00:00:00 +0900,JPY,5000,500,500,6000,,0,宅配便,2022-04-18 00:00:00 +0900,1,季節限定コレクション 春,5000,5000,PRD-2002-SP,true,true,fulfilled,橋本典子,,,,,群馬県,,群馬県,日本,090-1111-0012,橋本典子,,,,,群馬県,,群馬県,日本,090-1111-0012,springパターン,,Shopify Payments,pay-2012-2127,0,季節工房,0,,,,ORD-2127,"spring,テスト顧客",Low,web,0,消費税 10%,500,,,,,,,,,,,,群馬県,群馬県,pay-id-2012-2127,,,pay-2012-2127,CUST-2012
橋本典子,spring-customer-2012@example.com,paid,2022-05-26 00:00:00 +0900,fulfilled,2022-05-27 00:00:00 +0900,JPY,5000,500,500,6000,,0,宅配便,2022-05-26 00:00:00 +0900,1,季節限定コレクション 春,5000,5000,PRD-2002-SP,true,true,fulfilled,橋本典子,,,,,群馬県,,群馬県,日本,090-1111-0012,橋本典子,,,,,群馬県,,群馬県,日本,090-1111-0012,springパターン,,Shopify Payments,pay-2012-2128,0,季節工房,0,,,,ORD-2128,"spring,テスト顧客",Low,web,0,消費税 10%,500,,,,,,,,,,,,群馬県,群馬県,pay-id-2012-2128,,,pay-2012-2128,CUST-2012
橋本典子,spring-customer-2012@example.com,paid,2023-03-24 00:00:00 +0900,fulfilled,2023-03-25 00:00:00 +0900,JPY,5000,500,500,6000,,0,宅配便,2023-03-24 00:00:00 +0900,1,季節限定コレクション 春,5000,5000,PRD-2002-SP,true,true,fulfilled,橋本典子,,,,,群馬県,,群馬県,日本,090-1111-0012,橋本典子,,,,,群馬県,,群馬県,日本,090-1111-0012,springパターン,,Shopify Payments,pay-2012-2129,0,季節工房,0,,,,ORD-2129,"spring,テスト顧客",Low,web,0,消費税 10%,500,,,,,,,,,,,,群馬県,群馬県,pay-id-2012-2129,,,pay-2012-2129,CUST-2012
橋本典子,spring-customer-2012@example.com,paid,2023-04-17 00:00:00 +0900,fulfilled,2023-04-18 00:00:00 +0900,JPY,5000,500,500,6000,,0,宅配便,2023-04-17 00:00:00 +0900,1,季節限定コレクション 春,5000,5000,PRD-2002-SP,true,true,fulfilled,橋本典子,,,,,群馬県,,群馬県,日本,090-1111-0012,橋本典子,,,,,群馬県,,群馬県,日本,090-1111-0012,springパターン,,Shopify Payments,pay-2012-2130,0,季節工房,0,,,,ORD-2130,"spring,テスト顧客",Low,web,0,消費税 10%,500,,,,,,,,,,,,群馬県,群馬県,pay-id-2012-2130,,,pay-2012-2130,CUST-2012
橋本典子,spring-customer-2012@example.com,paid,2023-05-18 00:00:00 +0900,fulfilled,2023-05-19 00:00:00 +0900,JPY,5000,500,500,6000,,0,宅配便,2023-05-18 00:00:00 +0900,1,季節限定コレクション 春,5000,5000,PRD-2002-SP,true,true,fulfilled,橋本典子,,,,,群馬県,,群馬県,日本,090-1111-0012,橋本典子,,,,,群馬県,,群馬県,日本,090-1111-0012,springパターン,,Shopify Payments,pay-2012-2131,0,季節工房,0,,,,ORD-2131,"spring,テスト顧客",Low,web,0,消費税 10%,500,,,,,,,,,,,,群馬県,群馬県,pay-id-2012-2131,,,pay-2012-2131,CUST-2012
岡田博史,comeback-customer-2013@example.com,paid,2020-08-30 00:00:00 +0900,fulfilled,2020-08-31 00:00:00 +0900,JPY,5500,500,550,6550,,0,宅配便,2020-08-30 00:00:00 +0900,1,季節限定コレクション 夏,5500,5500,PRD-2002-SU,true,true,fulfilled,岡田博史,,,,,長野県,,長野県,日本,090-1111-0013,岡田博史,,,,,長野県,,長野県,日本,090-1111-0013,comebackパターン,,Shopify Payments,pay-2013-2132,0,季節工房,0,,,,ORD-2132,"comeback,テスト顧客",Low,web,0,消費税 10%,550,,,,,,,,,,,,長野県,長野県,pay-id-2013-2132,,,pay-2013-2132,CUST-2013
岡田博史,comeback-customer-2013@example.com,paid,2020-11-15 00:00:00 +0900,fulfilled,2020-11-16 00:00:00 +0900,JPY,5500,500,550,6550,,0,宅配便,2020-11-15 00:00:00 +0900,1,季節限定コレクション 夏,5500,5500,PRD-2002-SU,true,true,fulfilled,岡田博史,,,,,長野県,,長野県,日本,090-1111-0013,岡田博史,,,,,長野県,,長野県,日本,090-1111-0013,comebackパターン,,Shopify Payments,pay-2013-2133,0,季節工房,0,,,,ORD-2133,"comeback,テスト顧客",Low,web,0,消費税 10%,550,,,,,,,,,,,,長野県,長野県,pay-id-2013-2133,,,pay-2013-2133,CUST-2013
岡田博史,comeback-customer-2013@example.com,paid,2021-02-10 00:00:00 +0900,fulfilled,2021-02-11 00:00:00 +0900,JPY,5500,500,550,6550,,0,宅配便,2021-02-10 00:00:00 +0900,1,季節限定コレクション 夏,5500,5500,PRD-2002-SU,true,true,fulfilled,岡田博史,,,,,長野県,,長野県,日本,090-1111-0013,岡田博史,,,,,長野県,,長野県,日本,090-1111-0013,comebackパターン,,Shopify Payments,pay-2013-2134,0,季節工房,0,,,,ORD-2134,"comeback,テスト顧客",Low,web,0,消費税 10%,550,,,,,,,,,,,,長野県,長野県,pay-id-2013-2134,,,pay-2013-2134,CUST-2013
岡田博史,comeback-customer-2013@example.com,paid,2025-01-25 00:00:00 +0900,fulfilled,2025-01-26 00:00:00 +0900,JPY,6000,500,600,7100,,0,宅配便,2025-01-25 00:00:00 +0900,1,季節限定コレクション 秋,6000,6000,PRD-2002-AU,true,true,fulfilled,岡田博史,,,,,長野県,,長野県,日本,090-1111-0013,岡田博史,,,,,長野県,,長野県,日本,090-1111-0013,comebackパターン,,Shopify Payments,pay-2013-2135,0,季節工房,0,,,,ORD-2135,"comeback,テスト顧客",Low,web,0,消費税 10%,600,,,,,,,,,,,,長野県,長野県,pay-id-2013-2135,,,pay-2013-2135,CUST-2013
岡田博史,comeback-customer-2013@example.com,paid,2025-04-15 00:00:00 +0900,fulfilled,2025-04-16 00:00:00 +0900,JPY,5500,500,550,6550,,0,宅配便,2025-04-15 00:00:00 +0900,1,季節限定コレクション 夏,5500,5500,PRD-2002-SU,true,true,fulfilled,岡田博史,,,,,長野県,,長野県,日本,090-1111-0013,岡田博史,,,,,長野県,,長野県,日本,090-1111-0013,comebackパターン,,Shopify Payments,pay-2013-2136,0,季節工房,0,,,,ORD-2136,"comeback,テスト顧客",Low,web,0,消費税 10%,550,,,,,,,,,,,,長野県,長野県,pay-id-2013-2136,,,pay-2013-2136,CUST-2013
岡田博史,comeback-customer-2013@example.com,paid,2025-07-10 00:00:00 +0900,fulfilled,2025-07-11 00:00:00 +0900,JPY,6500,500,650,7650,,0,宅配便,2025-07-10 00:00:00 +0900,1,季節限定コレクション 冬,6500,6500,PRD-2002-WI,true,true,fulfilled,岡田博史,,,,,長野県,,長野県,日本,090-1111-0013,岡田博史,,,,,長野県,,長野県,日本,090-1111-0013,comebackパターン,,Shopify Payments,pay-2013-2137,0,季節工房,0,,,,ORD-2137,"comeback,テスト顧客",Low,web,0,消費税 10%,650,,,,,,,,,,,,長野県,長野県,pay-id-2013-2137,,,pay-2013-2137,CUST-2013
松本麻衣,premium-customer-2014@example.com,paid,2020-01-01 00:00:00 +0900,fulfilled,2020-01-02 00:00:00 +0900,JPY,50000,800,5000,55800,,0,宅配便,2020-01-01 00:00:00 +0900,2,ラグジュアリーアイテム ゴールド,25000,25000,PRD-2004-GO,true,true,fulfilled,松本麻衣,,,,,新潟県,,新潟県,日本,090-1111-0014,松本麻衣,,,,,新潟県,,新潟県,日本,090-1111-0014,premiumパターン,,Shopify Payments,pay-2014-2138,0,高級工房,0,,,,ORD-2138,"premium,テスト顧客",Low,web,0,消費税 10%,5000,,,,,,,,,,,,新潟県,新潟県,pay-id-2014-2138,,,pay-2014-2138,CUST-2014
松本麻衣,premium-customer-2014@example.com,paid,2020-03-04 00:00:00 +0900,fulfilled,2020-03-05 00:00:00 +0900,JPY,70000,800,7000,77800,,0,宅配便,2020-03-04 00:00:00 +0900,2,ラグジュアリーアイテム プラチナ,35000,35000,PRD-2004-PL,true,true,fulfilled,松本麻衣,,,,,新潟県,,新潟県,日本,090-1111-0014,松本麻衣,,,,,新潟県,,新潟県,日本,090-1111-0014,premiumパターン,,Shopify Payments,pay-2014-2139,0,高級工房,0,,,,ORD-2139,"premium,テスト顧客",Low,web,0,消費税 10%,7000,,,,,,,,,,,,新潟県,新潟県,pay-id-2014-2139,,,pay-2014-2139,CUST-2014
松本麻衣,premium-customer-2014@example.com,paid,2020-05-02 00:00:00 +0900,fulfilled,2020-05-03 00:00:00 +0900,JPY,75000,800,7500,83300,,0,宅配便,2020-05-02 00:00:00 +0900,3,ラグジュアリーアイテム ゴールド,25000,25000,PRD-2004-GO,true,true,fulfilled,松本麻衣,,,,,新潟県,,新潟県,日本,090-1111-0014,松本麻衣,,,,,新潟県,,新潟県,日本,090-1111-0014,premiumパターン,,Shopify Payments,pay-2014-2140,0,高級工房,0,,,,ORD-2140,"premium,テスト顧客",Low,web,0,消費税 10%,7500,,,,,,,,,,,,新潟県,新潟県,pay-id-2014-2140,,,pay-2014-2140,CUST-2014
松本麻衣,premium-customer-2014@example.com,paid,2020-06-22 00:00:00 +0900,fulfilled,2020-06-23 00:00:00 +0900,JPY,50000,800,5000,55800,,0,宅配便,2020-06-22 00:00:00 +0900,2,ラグジュアリーアイテム ゴールド,25000,25000,PRD-2004-GO,true,true,fulfilled,松本麻衣,,,,,新潟県,,新潟県,日本,090-1111-0014,松本麻衣,,,,,新潟県,,新潟県,日本,090-1111-0014,premiumパターン,,Shopify Payments,pay-2014-2141,0,高級工房,0,,,,ORD-2141,"premium,テスト顧客",Low,web,0,消費税 10%,5000,,,,,,,,,,,,新潟県,新潟県,pay-id-2014-2141,,,pay-2014-2141,CUST-2014
松本麻衣,premium-customer-2014@example.com,paid,2020-08-23 00:00:00 +0900,fulfilled,2020-08-24 00:00:00 +0900,JPY,25000,800,2500,28300,,0,宅配便,2020-08-23 00:00:00 +0900,1,ラグジュアリーアイテム ゴールド,25000,25000,PRD-2004-GO,true,true,fulfilled,松本麻衣,,,,,新潟県,,新潟県,日本,090-1111-0014,松本麻衣,,,,,新潟県,,新潟県,日本,090-1111-0014,premiumパターン,,Shopify Payments,pay-2014-2142,0,高級工房,0,,,,ORD-2142,"premium,テスト顧客",Low,web,0,消費税 10%,2500,,,,,,,,,,,,新潟県,新潟県,pay-id-2014-2142,,,pay-2014-2142,CUST-2014
松本麻衣,premium-customer-2014@example.com,paid,2020-10-17 00:00:00 +0900,fulfilled,2020-10-18 00:00:00 +0900,JPY,75000,800,7500,83300,,0,宅配便,2020-10-17 00:00:00 +0900,3,ラグジュアリーアイテム ゴールド,25000,25000,PRD-2004-GO,true,true,fulfilled,松本麻衣,,,,,新潟県,,新潟県,日本,090-1111-0014,松本麻衣,,,,,新潟県,,新潟県,日本,090-1111-0014,premiumパターン,,Shopify Payments,pay-2014-2143,0,高級工房,0,,,,ORD-2143,"premium,テスト顧客",Low,web,0,消費税 10%,7500,,,,,,,,,,,,新潟県,新潟県,pay-id-2014-2143,,,pay-2014-2143,CUST-2014
松本麻衣,premium-customer-2014@example.com,paid,2020-12-20 00:00:00 +0900,fulfilled,2020-12-21 00:00:00 +0900,JPY,75000,800,7500,83300,,0,宅配便,2020-12-20 00:00:00 +0900,3,ラグジュアリーアイテム ゴールド,25000,25000,PRD-2004-GO,true,true,fulfilled,松本麻衣,,,,,新潟県,,新潟県,日本,090-1111-0014,松本麻衣,,,,,新潟県,,新潟県,日本,090-1111-0014,premiumパターン,,Shopify Payments,pay-2014-2144,0,高級工房,0,,,,ORD-2144,"premium,テスト顧客",Low,web,0,消費税 10%,7500,,,,,,,,,,,,新潟県,新潟県,pay-id-2014-2144,,,pay-2014-2144,CUST-2014
松本麻衣,premium-customer-2014@example.com,paid,2021-02-20 00:00:00 +0900,fulfilled,2021-02-21 00:00:00 +0900,JPY,70000,800,7000,77800,,0,宅配便,2021-02-20 00:00:00 +0900,2,ラグジュアリーアイテム プラチナ,35000,35000,PRD-2004-PL,true,true,fulfilled,松本麻衣,,,,,新潟県,,新潟県,日本,090-1111-0014,松本麻衣,,,,,新潟県,,新潟県,日本,090-1111-0014,premiumパターン,,Shopify Payments,pay-2014-2145,0,高級工房,0,,,,ORD-2145,"premium,テスト顧客",Low,web,0,消費税 10%,7000,,,,,,,,,,,,新潟県,新潟県,pay-id-2014-2145,,,pay-2014-2145,CUST-2014
松本麻衣,premium-customer-2014@example.com,paid,2021-04-20 00:00:00 +0900,fulfilled,2021-04-21 00:00:00 +0900,JPY,70000,800,7000,77800,,0,宅配便,2021-04-20 00:00:00 +0900,2,ラグジュアリーアイテム プラチナ,35000,35000,PRD-2004-PL,true,true,fulfilled,松本麻衣,,,,,新潟県,,新潟県,日本,090-1111-0014,松本麻衣,,,,,新潟県,,新潟県,日本,090-1111-0014,premiumパターン,,Shopify Payments,pay-2014-2146,0,高級工房,0,,,,ORD-2146,"premium,テスト顧客",Low,web,0,消費税 10%,7000,,,,,,,,,,,,新潟県,新潟県,pay-id-2014-2146,,,pay-2014-2146,CUST-2014
松本麻衣,premium-customer-2014@example.com,paid,2021-06-19 00:00:00 +0900,fulfilled,2021-06-20 00:00:00 +0900,JPY,35000,800,3500,39300,,0,宅配便,2021-06-19 00:00:00 +0900,1,ラグジュアリーアイテム プラチナ,35000,35000,PRD-2004-PL,true,true,fulfilled,松本麻衣,,,,,新潟県,,新潟県,日本,090-1111-0014,松本麻衣,,,,,新潟県,,新潟県,日本,090-1111-0014,premiumパターン,,Shopify Payments,pay-2014-2147,0,高級工房,0,,,,ORD-2147,"premium,テスト顧客",Low,web,0,消費税 10%,3500,,,,,,,,,,,,新潟県,新潟県,pay-id-2014-2147,,,pay-2014-2147,CUST-2014
松本麻衣,premium-customer-2014@example.com,paid,2021-08-10 00:00:00 +0900,fulfilled,2021-08-11 00:00:00 +0900,JPY,50000,800,5000,55800,,0,宅配便,2021-08-10 00:00:00 +0900,2,ラグジュアリーアイテム ゴールド,25000,25000,PRD-2004-GO,true,true,fulfilled,松本麻衣,,,,,新潟県,,新潟県,日本,090-1111-0014,松本麻衣,,,,,新潟県,,新潟県,日本,090-1111-0014,premiumパターン,,Shopify Payments,pay-2014-2148,0,高級工房,0,,,,ORD-2148,"premium,テスト顧客",Low,web,0,消費税 10%,5000,,,,,,,,,,,,新潟県,新潟県,pay-id-2014-2148,,,pay-2014-2148,CUST-2014
野口美穂,young-customer-2015@example.com,paid,2022-06-10 00:00:00 +0900,fulfilled,2022-06-11 00:00:00 +0900,JPY,4000,300,400,4700,,0,宅配便,2022-06-10 00:00:00 +0900,1,キッズコレクション 7-12歳,4000,4000,PRD-2009-712,true,true,fulfilled,野口美穂,,,,,山梨県,,山梨県,日本,090-1111-0015,野口美穂,,,,,山梨県,,山梨県,日本,090-1111-0015,youngパターン,,Shopify Payments,pay-2015-2149,0,キッズ工房,0,,,,ORD-2149,"young,テスト顧客",Low,web,0,消費税 10%,400,,,,,,,,,,,,山梨県,山梨県,pay-id-2015-2149,,,pay-2015-2149,CUST-2015
野口美穂,young-customer-2015@example.com,paid,2022-08-31 00:00:00 +0900,fulfilled,2022-09-01 00:00:00 +0900,JPY,4000,300,400,4700,,0,宅配便,2022-08-31 00:00:00 +0900,1,キッズコレクション 7-12歳,4000,4000,PRD-2009-712,true,true,fulfilled,野口美穂,,,,,山梨県,,山梨県,日本,090-1111-0015,野口美穂,,,,,山梨県,,山梨県,日本,090-1111-0015,youngパターン,,Shopify Payments,pay-2015-2150,0,キッズ工房,0,,,,ORD-2150,"young,テスト顧客",Low,web,0,消費税 10%,400,,,,,,,,,,,,山梨県,山梨県,pay-id-2015-2150,,,pay-2015-2150,CUST-2015
野口美穂,young-customer-2015@example.com,paid,2022-11-11 00:00:00 +0900,fulfilled,2022-11-12 00:00:00 +0900,JPY,4500,300,450,5250,,0,宅配便,2022-11-11 00:00:00 +0900,1,エコフレンドリー リサイクル,4500,4500,PRD-2008-RC,true,true,fulfilled,野口美穂,,,,,山梨県,,山梨県,日本,090-1111-0015,野口美穂,,,,,山梨県,,山梨県,日本,090-1111-0015,youngパターン,,Shopify Payments,pay-2015-2151,0,エコ工房,0,,,,ORD-2151,"young,テスト顧客",Low,web,0,消費税 10%,450,,,,,,,,,,,,山梨県,山梨県,pay-id-2015-2151,,,pay-2015-2151,CUST-2015
野口美穂,young-customer-2015@example.com,paid,2023-01-27 00:00:00 +0900,fulfilled,2023-01-28 00:00:00 +0900,JPY,5500,500,550,6550,,0,宅配便,2023-01-27 00:00:00 +0900,1,エコフレンドリー オーガニック,5500,5500,PRD-2008-OR,true,true,fulfilled,野口美穂,,,,,山梨県,,山梨県,日本,090-1111-0015,野口美穂,,,,,山梨県,,山梨県,日本,090-1111-0015,youngパターン,,Shopify Payments,pay-2015-2152,0,エコ工房,0,,,,ORD-2152,"young,テスト顧客",Low,web,0,消費税 10%,550,,,,,,,,,,,,山梨県,山梨県,pay-id-2015-2152,,,pay-2015-2152,CUST-2015
野口美穂,young-customer-2015@example.com,paid,2023-04-04 00:00:00 +0900,fulfilled,2023-04-05 00:00:00 +0900,JPY,3500,300,350,4150,,0,宅配便,2023-04-04 00:00:00 +0900,1,キッズコレクション 3-6歳,3500,3500,PRD-2009-36,true,true,fulfilled,野口美穂,,,,,山梨県,,山梨県,日本,090-1111-0015,野口美穂,,,,,山梨県,,山梨県,日本,090-1111-0015,youngパターン,,Shopify Payments,pay-2015-2153,0,キッズ工房,0,,,,ORD-2153,"young,テスト顧客",Low,web,0,消費税 10%,350,,,,,,,,,,,,山梨県,山梨県,pay-id-2015-2153,,,pay-2015-2153,CUST-2015
野口美穂,young-customer-2015@example.com,paid,2023-06-13 00:00:00 +0900,fulfilled,2023-06-14 00:00:00 +0900,JPY,4500,300,450,5250,,0,宅配便,2023-06-13 00:00:00 +0900,1,エコフレンドリー リサイクル,4500,4500,PRD-2008-RC,true,true,fulfilled,野口美穂,,,,,山梨県,,山梨県,日本,090-1111-0015,野口美穂,,,,,山梨県,,山梨県,日本,090-1111-0015,youngパターン,,Shopify Payments,pay-2015-2154,0,エコ工房,0,,,,ORD-2154,"young,テスト顧客",Low,web,0,消費税 10%,450,,,,,,,,,,,,山梨県,山梨県,pay-id-2015-2154,,,pay-2015-2154,CUST-2015
野口美穂,young-customer-2015@example.com,paid,2023-09-10 00:00:00 +0900,fulfilled,2023-09-11 00:00:00 +0900,JPY,5500,500,550,6550,,0,宅配便,2023-09-10 00:00:00 +0900,1,エコフレンドリー オーガニック,5500,5500,PRD-2008-OR,true,true,fulfilled,野口美穂,,,,,山梨県,,山梨県,日本,090-1111-0015,野口美穂,,,,,山梨県,,山梨県,日本,090-1111-0015,youngパターン,,Shopify Payments,pay-2015-2155,0,エコ工房,0,,,,ORD-2155,"young,テスト顧客",Low,web,0,消費税 10%,550,,,,,,,,,,,,山梨県,山梨県,pay-id-2015-2155,,,pay-2015-2155,CUST-2015
野口美穂,young-customer-2015@example.com,paid,2023-11-10 00:00:00 +0900,fulfilled,2023-11-11 00:00:00 +0900,JPY,4500,300,450,5250,,0,宅配便,2023-11-10 00:00:00 +0900,1,エコフレンドリー リサイクル,4500,4500,PRD-2008-RC,true,true,fulfilled,野口美穂,,,,,山梨県,,山梨県,日本,090-1111-0015,野口美穂,,,,,山梨県,,山梨県,日本,090-1111-0015,youngパターン,,Shopify Payments,pay-2015-2156,0,エコ工房,0,,,,ORD-2156,"young,テスト顧客",Low,web,0,消費税 10%,450,,,,,,,,,,,,山梨県,山梨県,pay-id-2015-2156,,,pay-2015-2156,CUST-2015
清水孝明,holiday-customer-2016@example.com,paid,2020-04-29 00:00:00 +0900,fulfilled,2020-04-30 00:00:00 +0900,JPY,9000,500,900,10400,,0,宅配便,2020-04-29 00:00:00 +0900,1,ホリデースペシャル クリスマス,9000,9000,PRD-2007-XM,true,true,fulfilled,清水孝明,,,,,岐阜県,,岐阜県,日本,090-1111-0016,清水孝明,,,,,岐阜県,,岐阜県,日本,090-1111-0016,holidayパターン,,Shopify Payments,pay-2016-2157,0,ホリデー工房,0,,,,ORD-2157,"holiday,テスト顧客",Low,web,0,消費税 10%,900,,,,,,,,,,,,岐阜県,岐阜県,pay-id-2016-2157,,,pay-2016-2157,CUST-2016
清水孝明,holiday-customer-2016@example.com,paid,2020-08-15 00:00:00 +0900,fulfilled,2020-08-16 00:00:00 +0900,JPY,9000,500,900,10400,,0,宅配便,2020-08-15 00:00:00 +0900,1,ホリデースペシャル クリスマス,9000,9000,PRD-2007-XM,true,true,fulfilled,清水孝明,,,,,岐阜県,,岐阜県,日本,090-1111-0016,清水孝明,,,,,岐阜県,,岐阜県,日本,090-1111-0016,holidayパターン,,Shopify Payments,pay-2016-2158,0,ホリデー工房,0,,,,ORD-2158,"holiday,テスト顧客",Low,web,0,消費税 10%,900,,,,,,,,,,,,岐阜県,岐阜県,pay-id-2016-2158,,,pay-2016-2158,CUST-2016
清水孝明,holiday-customer-2016@example.com,paid,2020-11-25 00:00:00 +0900,fulfilled,2020-11-26 00:00:00 +0900,JPY,9000,500,900,10400,,0,宅配便,2020-11-25 00:00:00 +0900,1,ホリデースペシャル クリスマス,9000,9000,PRD-2007-XM,true,true,fulfilled,清水孝明,,,,,岐阜県,,岐阜県,日本,090-1111-0016,清水孝明,,,,,岐阜県,,岐阜県,日本,090-1111-0016,holidayパターン,,Shopify Payments,pay-2016-2159,0,ホリデー工房,0,,,,ORD-2159,"holiday,テスト顧客",Low,web,0,消費税 10%,900,,,,,,,,,,,,岐阜県,岐阜県,pay-id-2016-2159,,,pay-2016-2159,CUST-2016
清水孝明,holiday-customer-2016@example.com,paid,2021-04-29 00:00:00 +0900,fulfilled,2021-04-30 00:00:00 +0900,JPY,9000,500,900,10400,,0,宅配便,2021-04-29 00:00:00 +0900,1,ホリデースペシャル クリスマス,9000,9000,PRD-2007-XM,true,true,fulfilled,清水孝明,,,,,岐阜県,,岐阜県,日本,090-1111-0016,清水孝明,,,,,岐阜県,,岐阜県,日本,090-1111-0016,holidayパターン,,Shopify Payments,pay-2016-2160,0,ホリデー工房,0,,,,ORD-2160,"holiday,テスト顧客",Low,web,0,消費税 10%,900,,,,,,,,,,,,岐阜県,岐阜県,pay-id-2016-2160,,,pay-2016-2160,CUST-2016
清水孝明,holiday-customer-2016@example.com,paid,2021-11-25 00:00:00 +0900,fulfilled,2021-11-26 00:00:00 +0900,JPY,9000,500,900,10400,,0,宅配便,2021-11-25 00:00:00 +0900,1,ホリデースペシャル クリスマス,9000,9000,PRD-2007-XM,true,true,fulfilled,清水孝明,,,,,岐阜県,,岐阜県,日本,090-1111-0016,清水孝明,,,,,岐阜県,,岐阜県,日本,090-1111-0016,holidayパターン,,Shopify Payments,pay-2016-2161,0,ホリデー工房,0,,,,ORD-2161,"holiday,テスト顧客",Low,web,0,消費税 10%,900,,,,,,,,,,,,岐阜県,岐阜県,pay-id-2016-2161,,,pay-2016-2161,CUST-2016
藤田理恵,trial-customer-2017@example.com,paid,2023-09-15 00:00:00 +0900,fulfilled,2023-09-16 00:00:00 +0900,JPY,2000,300,200,2500,,0,宅配便,2023-09-15 00:00:00 +0900,1,デイリーエッセンシャル ベーシック,2000,2000,PRD-2003-BA,true,true,fulfilled,藤田理恵,,,,,三重県,,三重県,日本,090-1111-0017,藤田理恵,,,,,三重県,,三重県,日本,090-1111-0017,trialパターン,,Shopify Payments,pay-2017-2162,0,生活工房,0,,,,ORD-2162,"trial,テスト顧客",Low,web,0,消費税 10%,200,,,,,,,,,,,,三重県,三重県,pay-id-2017-2162,,,pay-2017-2162,CUST-2017
藤田理恵,trial-customer-2017@example.com,paid,2024-02-10 00:00:00 +0900,fulfilled,2024-02-11 00:00:00 +0900,JPY,2000,300,200,2500,,0,宅配便,2024-02-10 00:00:00 +0900,1,デイリーエッセンシャル ベーシック,2000,2000,PRD-2003-BA,true,true,fulfilled,藤田理恵,,,,,三重県,,三重県,日本,090-1111-0017,藤田理恵,,,,,三重県,,三重県,日本,090-1111-0017,trialパターン,,Shopify Payments,pay-2017-2163,0,生活工房,0,,,,ORD-2163,"trial,テスト顧客",Low,web,0,消費税 10%,200,,,,,,,,,,,,三重県,三重県,pay-id-2017-2163,,,pay-2017-2163,CUST-2017
石田健二,consistent-customer-2018@example.com,paid,2020-01-01 00:00:00 +0900,fulfilled,2020-01-02 00:00:00 +0900,JPY,2000,300,200,2500,,0,宅配便,2020-01-01 00:00:00 +0900,1,デイリーエッセンシャル ベーシック,2000,2000,PRD-2003-BA,true,true,fulfilled,石田健二,,,,,滋賀県,,滋賀県,日本,090-1111-0018,石田健二,,,,,滋賀県,,滋賀県,日本,090-1111-0018,consistentパターン,,Shopify Payments,pay-2018-2164,0,生活工房,0,,,,ORD-2164,"consistent,テスト顧客",Low,web,0,消費税 10%,200,,,,,,,,,,,,滋賀県,滋賀県,pay-id-2018-2164,,,pay-2018-2164,CUST-2018
石田健二,consistent-customer-2018@example.com,paid,2020-02-01 00:00:00 +0900,fulfilled,2020-02-02 00:00:00 +0900,JPY,4000,300,400,4700,,0,宅配便,2020-02-01 00:00:00 +0900,1,デイリーエッセンシャル プレミアム,4000,4000,PRD-2003-PR,true,true,fulfilled,石田健二,,,,,滋賀県,,滋賀県,日本,090-1111-0018,石田健二,,,,,滋賀県,,滋賀県,日本,090-1111-0018,consistentパターン,,Shopify Payments,pay-2018-2165,0,生活工房,0,,,,ORD-2165,"consistent,テスト顧客",Low,web,0,消費税 10%,400,,,,,,,,,,,,滋賀県,滋賀県,pay-id-2018-2165,,,pay-2018-2165,CUST-2018
石田健二,consistent-customer-2018@example.com,paid,2020-03-02 00:00:00 +0900,fulfilled,2020-03-03 00:00:00 +0900,JPY,3000,300,300,3600,,0,宅配便,2020-03-02 00:00:00 +0900,1,デイリーエッセンシャル スタンダード,3000,3000,PRD-2003-ST,true,true,fulfilled,石田健二,,,,,滋賀県,,滋賀県,日本,090-1111-0018,石田健二,,,,,滋賀県,,滋賀県,日本,090-1111-0018,consistentパターン,,Shopify Payments,pay-2018-2166,0,生活工房,0,,,,ORD-2166,"consistent,テスト顧客",Low,web,0,消費税 10%,300,,,,,,,,,,,,滋賀県,滋賀県,pay-id-2018-2166,,,pay-2018-2166,CUST-2018
石田健二,consistent-customer-2018@example.com,paid,2020-04-03 00:00:00 +0900,fulfilled,2020-04-04 00:00:00 +0900,JPY,3000,300,300,3600,,0,宅配便,2020-04-03 00:00:00 +0900,1,デイリーエッセンシャル スタンダード,3000,3000,PRD-2003-ST,true,true,fulfilled,石田健二,,,,,滋賀県,,滋賀県,日本,090-1111-0018,石田健二,,,,,滋賀県,,滋賀県,日本,090-1111-0018,consistentパターン,,Shopify Payments,pay-2018-2167,0,生活工房,0,,,,ORD-2167,"consistent,テスト顧客",Low,web,0,消費税 10%,300,,,,,,,,,,,,滋賀県,滋賀県,pay-id-2018-2167,,,pay-2018-2167,CUST-2018
石田健二,consistent-customer-2018@example.com,paid,2020-05-04 00:00:00 +0900,fulfilled,2020-05-05 00:00:00 +0900,JPY,3000,300,300,3600,,0,宅配便,2020-05-04 00:00:00 +0900,1,デイリーエッセンシャル スタンダード,3000,3000,PRD-2003-ST,true,true,fulfilled,石田健二,,,,,滋賀県,,滋賀県,日本,090-1111-0018,石田健二,,,,,滋賀県,,滋賀県,日本,090-1111-0018,consistentパターン,,Shopify Payments,pay-2018-2168,0,生活工房,0,,,,ORD-2168,"consistent,テスト顧客",Low,web,0,消費税 10%,300,,,,,,,,,,,,滋賀県,滋賀県,pay-id-2018-2168,,,pay-2018-2168,CUST-2018
石田健二,consistent-customer-2018@example.com,paid,2020-06-02 00:00:00 +0900,fulfilled,2020-06-03 00:00:00 +0900,JPY,3000,300,300,3600,,0,宅配便,2020-06-02 00:00:00 +0900,1,デイリーエッセンシャル スタンダード,3000,3000,PRD-2003-ST,true,true,fulfilled,石田健二,,,,,滋賀県,,滋賀県,日本,090-1111-0018,石田健二,,,,,滋賀県,,滋賀県,日本,090-1111-0018,consistentパターン,,Shopify Payments,pay-2018-2169,0,生活工房,0,,,,ORD-2169,"consistent,テスト顧客",Low,web,0,消費税 10%,300,,,,,,,,,,,,滋賀県,滋賀県,pay-id-2018-2169,,,pay-2018-2169,CUST-2018
石田健二,consistent-customer-2018@example.com,paid,2020-07-01 00:00:00 +0900,fulfilled,2020-07-02 00:00:00 +0900,JPY,3000,300,300,3600,,0,宅配便,2020-07-01 00:00:00 +0900,1,デイリーエッセンシャル スタンダード,3000,3000,PRD-2003-ST,true,true,fulfilled,石田健二,,,,,滋賀県,,滋賀県,日本,090-1111-0018,石田健二,,,,,滋賀県,,滋賀県,日本,090-1111-0018,consistentパターン,,Shopify Payments,pay-2018-2170,0,生活工房,0,,,,ORD-2170,"consistent,テスト顧客",Low,web,0,消費税 10%,300,,,,,,,,,,,,滋賀県,滋賀県,pay-id-2018-2170,,,pay-2018-2170,CUST-2018
石田健二,consistent-customer-2018@example.com,paid,2020-08-02 00:00:00 +0900,fulfilled,2020-08-03 00:00:00 +0900,JPY,4000,300,400,4700,,0,宅配便,2020-08-02 00:00:00 +0900,1,デイリーエッセンシャル プレミアム,4000,4000,PRD-2003-PR,true,true,fulfilled,石田健二,,,,,滋賀県,,滋賀県,日本,090-1111-0018,石田健二,,,,,滋賀県,,滋賀県,日本,090-1111-0018,consistentパターン,,Shopify Payments,pay-2018-2171,0,生活工房,0,,,,ORD-2171,"consistent,テスト顧客",Low,web,0,消費税 10%,400,,,,,,,,,,,,滋賀県,滋賀県,pay-id-2018-2171,,,pay-2018-2171,CUST-2018
石田健二,consistent-customer-2018@example.com,paid,2020-09-02 00:00:00 +0900,fulfilled,2020-09-03 00:00:00 +0900,JPY,4000,300,400,4700,,0,宅配便,2020-09-02 00:00:00 +0900,1,デイリーエッセンシャル プレミアム,4000,4000,PRD-2003-PR,true,true,fulfilled,石田健二,,,,,滋賀県,,滋賀県,日本,090-1111-0018,石田健二,,,,,滋賀県,,滋賀県,日本,090-1111-0018,consistentパターン,,Shopify Payments,pay-2018-2172,0,生活工房,0,,,,ORD-2172,"consistent,テスト顧客",Low,web,0,消費税 10%,400,,,,,,,,,,,,滋賀県,滋賀県,pay-id-2018-2172,,,pay-2018-2172,CUST-2018
石田健二,consistent-customer-2018@example.com,paid,2020-10-01 00:00:00 +0900,fulfilled,2020-10-02 00:00:00 +0900,JPY,4000,300,400,4700,,0,宅配便,2020-10-01 00:00:00 +0900,1,デイリーエッセンシャル プレミアム,4000,4000,PRD-2003-PR,true,true,fulfilled,石田健二,,,,,滋賀県,,滋賀県,日本,090-1111-0018,石田健二,,,,,滋賀県,,滋賀県,日本,090-1111-0018,consistentパターン,,Shopify Payments,pay-2018-2173,0,生活工房,0,,,,ORD-2173,"consistent,テスト顧客",Low,web,0,消費税 10%,400,,,,,,,,,,,,滋賀県,滋賀県,pay-id-2018-2173,,,pay-2018-2173,CUST-2018
石田健二,consistent-customer-2018@example.com,paid,2020-10-30 00:00:00 +0900,fulfilled,2020-10-31 00:00:00 +0900,JPY,2000,300,200,2500,,0,宅配便,2020-10-30 00:00:00 +0900,1,デイリーエッセンシャル ベーシック,2000,2000,PRD-2003-BA,true,true,fulfilled,石田健二,,,,,滋賀県,,滋賀県,日本,090-1111-0018,石田健二,,,,,滋賀県,,滋賀県,日本,090-1111-0018,consistentパターン,,Shopify Payments,pay-2018-2174,0,生活工房,0,,,,ORD-2174,"consistent,テスト顧客",Low,web,0,消費税 10%,200,,,,,,,,,,,,滋賀県,滋賀県,pay-id-2018-2174,,,pay-2018-2174,CUST-2018
石田健二,consistent-customer-2018@example.com,paid,2020-11-29 00:00:00 +0900,fulfilled,2020-11-30 00:00:00 +0900,JPY,4000,300,400,4700,,0,宅配便,2020-11-29 00:00:00 +0900,1,デイリーエッセンシャル プレミアム,4000,4000,PRD-2003-PR,true,true,fulfilled,石田健二,,,,,滋賀県,,滋賀県,日本,090-1111-0018,石田健二,,,,,滋賀県,,滋賀県,日本,090-1111-0018,consistentパターン,,Shopify Payments,pay-2018-2175,0,生活工房,0,,,,ORD-2175,"consistent,テスト顧客",Low,web,0,消費税 10%,400,,,,,,,,,,,,滋賀県,滋賀県,pay-id-2018-2175,,,pay-2018-2175,CUST-2018
石田健二,consistent-customer-2018@example.com,paid,2020-12-31 00:00:00 +0900,fulfilled,2021-01-01 00:00:00 +0900,JPY,2000,300,200,2500,,0,宅配便,2020-12-31 00:00:00 +0900,1,デイリーエッセンシャル ベーシック,2000,2000,PRD-2003-BA,true,true,fulfilled,石田健二,,,,,滋賀県,,滋賀県,日本,090-1111-0018,石田健二,,,,,滋賀県,,滋賀県,日本,090-1111-0018,consistentパターン,,Shopify Payments,pay-2018-2176,0,生活工房,0,,,,ORD-2176,"consistent,テスト顧客",Low,web,0,消費税 10%,200,,,,,,,,,,,,滋賀県,滋賀県,pay-id-2018-2176,,,pay-2018-2176,CUST-2018
坂本奈々,weekend-customer-2019@example.com,paid,2020-01-04 00:00:00 +0900,fulfilled,2020-01-05 00:00:00 +0900,JPY,5500,500,550,6550,,0,宅配便,2020-01-04 00:00:00 +0900,1,エコフレンドリー オーガニック,5500,5500,PRD-2008-OR,true,true,fulfilled,坂本奈々,,,,,京都府,,京都府,日本,090-1111-0019,坂本奈々,,,,,京都府,,京都府,日本,090-1111-0019,weekendパターン,,Shopify Payments,pay-2019-2177,0,エコ工房,0,,,,ORD-2177,"weekend,テスト顧客",Low,web,0,消費税 10%,550,,,,,,,,,,,,京都府,京都府,pay-id-2019-2177,,,pay-2019-2177,CUST-2019
坂本奈々,weekend-customer-2019@example.com,paid,2020-02-23 00:00:00 +0900,fulfilled,2020-02-24 00:00:00 +0900,JPY,4500,300,450,5250,,0,宅配便,2020-02-23 00:00:00 +0900,1,エコフレンドリー リサイクル,4500,4500,PRD-2008-RC,true,true,fulfilled,坂本奈々,,,,,京都府,,京都府,日本,090-1111-0019,坂本奈々,,,,,京都府,,京都府,日本,090-1111-0019,weekendパターン,,Shopify Payments,pay-2019-2178,0,エコ工房,0,,,,ORD-2178,"weekend,テスト顧客",Low,web,0,消費税 10%,450,,,,,,,,,,,,京都府,京都府,pay-id-2019-2178,,,pay-2019-2178,CUST-2019
坂本奈々,weekend-customer-2019@example.com,paid,2020-05-03 00:00:00 +0900,fulfilled,2020-05-04 00:00:00 +0900,JPY,5500,500,550,6550,,0,宅配便,2020-05-03 00:00:00 +0900,1,エコフレンドリー オーガニック,5500,5500,PRD-2008-OR,true,true,fulfilled,坂本奈々,,,,,京都府,,京都府,日本,090-1111-0019,坂本奈々,,,,,京都府,,京都府,日本,090-1111-0019,weekendパターン,,Shopify Payments,pay-2019-2179,0,エコ工房,0,,,,ORD-2179,"weekend,テスト顧客",Low,web,0,消費税 10%,550,,,,,,,,,,,,京都府,京都府,pay-id-2019-2179,,,pay-2019-2179,CUST-2019
坂本奈々,weekend-customer-2019@example.com,paid,2020-06-27 00:00:00 +0900,fulfilled,2020-06-28 00:00:00 +0900,JPY,5500,500,550,6550,,0,宅配便,2020-06-27 00:00:00 +0900,1,エコフレンドリー オーガニック,5500,5500,PRD-2008-OR,true,true,fulfilled,坂本奈々,,,,,京都府,,京都府,日本,090-1111-0019,坂本奈々,,,,,京都府,,京都府,日本,090-1111-0019,weekendパターン,,Shopify Payments,pay-2019-2180,0,エコ工房,0,,,,ORD-2180,"weekend,テスト顧客",Low,web,0,消費税 10%,550,,,,,,,,,,,,京都府,京都府,pay-id-2019-2180,,,pay-2019-2180,CUST-2019
坂本奈々,weekend-customer-2019@example.com,paid,2020-09-12 00:00:00 +0900,fulfilled,2020-09-13 00:00:00 +0900,JPY,5500,500,550,6550,,0,宅配便,2020-09-12 00:00:00 +0900,1,エコフレンドリー オーガニック,5500,5500,PRD-2008-OR,true,true,fulfilled,坂本奈々,,,,,京都府,,京都府,日本,090-1111-0019,坂本奈々,,,,,京都府,,京都府,日本,090-1111-0019,weekendパターン,,Shopify Payments,pay-2019-2181,0,エコ工房,0,,,,ORD-2181,"weekend,テスト顧客",Low,web,0,消費税 10%,550,,,,,,,,,,,,京都府,京都府,pay-id-2019-2181,,,pay-2019-2181,CUST-2019
坂本奈々,weekend-customer-2019@example.com,paid,2020-11-14 00:00:00 +0900,fulfilled,2020-11-15 00:00:00 +0900,JPY,4500,300,450,5250,,0,宅配便,2020-11-14 00:00:00 +0900,1,エコフレンドリー リサイクル,4500,4500,PRD-2008-RC,true,true,fulfilled,坂本奈々,,,,,京都府,,京都府,日本,090-1111-0019,坂本奈々,,,,,京都府,,京都府,日本,090-1111-0019,weekendパターン,,Shopify Payments,pay-2019-2182,0,エコ工房,0,,,,ORD-2182,"weekend,テスト顧客",Low,web,0,消費税 10%,450,,,,,,,,,,,,京都府,京都府,pay-id-2019-2182,,,pay-2019-2182,CUST-2019
山本智子,event-customer-2020@example.com,paid,2020-03-15 00:00:00 +0900,fulfilled,2020-03-16 00:00:00 +0900,JPY,12000,800,1200,14000,,0,宅配便,2020-03-15 00:00:00 +0900,1,職人クラフト 伝統,12000,12000,PRD-2011-TR,true,true,fulfilled,山本智子,,,,,奈良県,,奈良県,日本,090-1111-0020,山本智子,,,,,奈良県,,奈良県,日本,090-1111-0020,eventパターン,,Shopify Payments,pay-2020-2183,0,職人工房,0,,,,ORD-2183,"event,テスト顧客",Low,web,0,消費税 10%,1200,,,,,,,,,,,,奈良県,奈良県,pay-id-2020-2183,,,pay-2020-2183,CUST-2020
山本智子,event-customer-2020@example.com,paid,2020-06-20 00:00:00 +0900,fulfilled,2020-06-21 00:00:00 +0900,JPY,10000,800,1000,11800,,0,宅配便,2020-06-20 00:00:00 +0900,1,職人クラフト モダン,10000,10000,PRD-2011-MO,true,true,fulfilled,山本智子,,,,,奈良県,,奈良県,日本,090-1111-0020,山本智子,,,,,奈良県,,奈良県,日本,090-1111-0020,eventパターン,,Shopify Payments,pay-2020-2184,0,職人工房,0,,,,ORD-2184,"event,テスト顧客",Low,web,0,消費税 10%,1000,,,,,,,,,,,,奈良県,奈良県,pay-id-2020-2184,,,pay-2020-2184,CUST-2020
山本智子,event-customer-2020@example.com,paid,2020-10-12 00:00:00 +0900,fulfilled,2020-10-13 00:00:00 +0900,JPY,12000,800,1200,14000,,0,宅配便,2020-10-12 00:00:00 +0900,1,職人クラフト 伝統,12000,12000,PRD-2011-TR,true,true,fulfilled,山本智子,,,,,奈良県,,奈良県,日本,090-1111-0020,山本智子,,,,,奈良県,,奈良県,日本,090-1111-0020,eventパターン,,Shopify Payments,pay-2020-2185,0,職人工房,0,,,,ORD-2185,"event,テスト顧客",Low,web,0,消費税 10%,1200,,,,,,,,,,,,奈良県,奈良県,pay-id-2020-2185,,,pay-2020-2185,CUST-2020
山本智子,event-customer-2020@example.com,paid,2021-03-15 00:00:00 +0900,fulfilled,2021-03-16 00:00:00 +0900,JPY,10000,800,1000,11800,,0,宅配便,2021-03-15 00:00:00 +0900,1,職人クラフト モダン,10000,10000,PRD-2011-MO,true,true,fulfilled,山本智子,,,,,奈良県,,奈良県,日本,090-1111-0020,山本智子,,,,,奈良県,,奈良県,日本,090-1111-0020,eventパターン,,Shopify Payments,pay-2020-2186,0,職人工房,0,,,,ORD-2186,"event,テスト顧客",Low,web,0,消費税 10%,1000,,,,,,,,,,,,奈良県,奈良県,pay-id-2020-2186,,,pay-2020-2186,CUST-2020
山本智子,event-customer-2020@example.com,paid,2021-06-20 00:00:00 +0900,fulfilled,2021-06-21 00:00:00 +0900,JPY,10000,800,1000,11800,,0,宅配便,2021-06-20 00:00:00 +0900,1,職人クラフト モダン,10000,10000,PRD-2011-MO,true,true,fulfilled,山本智子,,,,,奈良県,,奈良県,日本,090-1111-0020,山本智子,,,,,奈良県,,奈良県,日本,090-1111-0020,eventパターン,,Shopify Payments,pay-2020-2187,0,職人工房,0,,,,ORD-2187,"event,テスト顧客",Low,web,0,消費税 10%,1000,,,,,,,,,,,,奈良県,奈良県,pay-id-2020-2187,,,pay-2020-2187,CUST-2020
山本智子,event-customer-2020@example.com,paid,2021-10-12 00:00:00 +0900,fulfilled,2021-10-13 00:00:00 +0900,JPY,10000,800,1000,11800,,0,宅配便,2021-10-12 00:00:00 +0900,1,職人クラフト モダン,10000,10000,PRD-2011-MO,true,true,fulfilled,山本智子,,,,,奈良県,,奈良県,日本,090-1111-0020,山本智子,,,,,奈良県,,奈良県,日本,090-1111-0020,eventパターン,,Shopify Payments,pay-2020-2188,0,職人工房,0,,,,ORD-2188,"event,テスト顧客",Low,web,0,消費税 10%,1000,,,,,,,,,,,,奈良県,奈良県,pay-id-2020-2188,,,pay-2020-2188,CUST-2020
山本智子,event-customer-2020@example.com,paid,2022-10-12 00:00:00 +0900,fulfilled,2022-10-13 00:00:00 +0900,JPY,10000,800,1000,11800,,0,宅配便,2022-10-12 00:00:00 +0900,1,職人クラフト モダン,10000,10000,PRD-2011-MO,true,true,fulfilled,山本智子,,,,,奈良県,,奈良県,日本,090-1111-0020,山本智子,,,,,奈良県,,奈良県,日本,090-1111-0020,eventパターン,,Shopify Payments,pay-2020-2189,0,職人工房,0,,,,ORD-2189,"event,テスト顧客",Low,web,0,消費税 10%,1000,,,,,,,,,,,,奈良県,奈良県,pay-id-2020-2189,,,pay-2020-2189,CUST-2020
